mercado,ciudad,estado,nombre_equipo_o_agente,brokerage,tamano_equipo,produccion_publica,senales_compra_leads,senales_respuesta_lenta,bilingue,sitio_web,pagina_contacto,instagram,linkedin,fuente_url,probabilidad_pago,nota_probabilidad
North NJ (Morris),Morristown,NJ,Crawford Lorenzo Home Selling Team,Keller Williams Realty Metropolitan,Large team según RealTrends (11-20 agentes),"RealTrends 2026: $65.22M, 81 sides (2025)",Página de valuación; destaca reseñas de Zillow (perfil gordoncrawford); marca de 'Home Selling Team' orientada a captar vendedores,Sin chat; formulario de contacto y horario de oficina L-V 9-5 (según directorios),n/d,https://crawfordlorenzohomesellingteam.com/,https://crawfordlorenzohomesellingteam.com/contact-us/,@crawfordlorenzoteamnj,n/d,https://www.realtrends.com/team-profile/crawford-lorenzo-home-selling-team-new-jersey-keller-williams/ ; https://crawfordlorenzohomesellingteam.com/,Alta,Oficina con horario de lunes a viernes y sin chat: los leads de fines de semana y noches quedan sin atender
Central NJ (Monmouth),Neptune / Freehold / Lakewood,NJ,Jersey Property Group Realty,Jersey Property Group Realty (independiente),n/d (estimación: equipo pequeño-mediano según su página de agentes),n/d,Vacantes 'Zillow Flex Real Estate Agent' en Freehold y Lakewood; sitio Ylopo; reseñas que citan clientes llegados por Zillow,Sin chat visible; formulario de contacto,n/d,https://www.happyclientsnj.com/,https://www.happyclientsnj.com/contact-us,n/d,n/d,https://www.happyclientsnj.com/ ; https://www.indeed.com/q-Real-Estate-Agent-l-New-Jersey-jobs.html,Alta,Equipo Zillow Flex que contrata agentes para atender leads pagados: encaja con el producto de respuesta rápida
Central NJ (Union),Westfield / Scotch Plains,NJ,Michael Martinetti Group,Keller Williams,Large team según RealTrends (11-20 agentes),"RealTrends 2026: $222.3M, 351 sides (2025); #1 large team de NJ por sides",Embudos 'Get Your Home Value' y 'Request a Cash Offer' con valuación instantánea; IDX iHomeFinder; perfil de Zillow enlazado,Sin chat ni texto en el sitio; formulario /contact-us; contrataron un 'Director of Sales' (equipo en crecimiento),n/d,https://michaelmartinettigroup.com/,https://michaelmartinettigroup.com/contact-us/,@michaelmartinettigroup,https://www.linkedin.com/company/michaelmartinettigroup/,https://www.realtrends.com/team-profile/michael-martinetti-group-new-jersey-keller-williams/ ; https://michaelmartinettigroup.com/,Alta,Mucho volumen con embudos de vendedores y sin respuesta instantánea; tiene presupuesto
Central NJ (Monmouth) / North NJ,Montclair (HQ) / Morristown / Asbury Park,NJ,Oz Group (Joe Oz Real Estate Group),eXp Realty,"n/d (recluta en Monmouth, Morris, Essex, Union y Somerset)","El sitio dice: 1,000+ casas vendidas y $500M+ en ventas; RealTrends 2026: n/d","Sitio dice 'official Zillow corporate partners'; vacante 'Leads Supplied, Appointments Set' con 'Zillow Preferred / Zillow Flex'; sitio Ylopo (plataforma de anuncios para generar leads)",Sitio Ylopo sin chat visible en el HTML estático; formulario de contacto; reclutamiento agresivo = mucho volumen de leads que repartir,n/d,https://www.ozgroupnj.com/,https://www.ozgroupnj.com/contact-us,@_ozgroup,n/d,https://www.ozgroupnj.com/ ; https://www.glassdoor.com/job-listing/jv?jl=1010272147740,Alta,Zillow Flex más Ylopo indican un presupuesto alto de leads; ojo: Ylopo trae su propio texto con IA (posible competencia)
North NJ (Bergen/Hudson),Fort Lee,NJ,The Nunez Group,Keller Williams City Views,"14 agentes (HousingWire, 2024); Large team según RealTrends","RealTrends 2026: $90.51M, 133 sides (2025); 2024: $123.4M, 265 unidades (KW Outfront)",Sitio Ylopo (plataforma de anuncios para generar leads); página de valuación /home-valuation; perfil de Zillow de un agente del equipo,"Sin chat ni opción de texto en la página de inicio; contacto por teléfono, correo y formulario",Probable (estimación: mercado hispano de Hudson y Bergen; equipo con apellidos hispanos); no está declarado en el sitio,https://www.thenunezgroup.com/,https://www.thenunezgroup.com/contact-us,n/d,n/d,https://www.realtrends.com/team-profile/the-nunez-group-new-jersey-keller-williams/ ; https://www.housingwire.com/articles/keller-williams-adds-new-jersey-real-estate-the-nunez-team/,Alta,"14 agentes, Ylopo y mercado bilingüe sin chat: tamaño ideal y hueco evidente"
Central NJ (Union/Middlesex),Cranford / Fanwood,NJ,Unify Real Estate Team,eXp Realty,Enterprise team según RealTrends (51+ agentes),"RealTrends 2026: $62.08M, 112 sides (2025); prensa: >$120M y 309 transacciones combinadas tras fusión 2025","Ofertas de empleo 'Realtor with Zillow Leads, Seller Leads... Appointments Provided'; página de reclutamiento: 'multiple lead sources' e 'ISAs that will schedule appointments'; blog sobre 'Real Estate Lead Conversion'",Dependen de ISAs humanos para agendar; sin chat en el sitio (solo botón de compartir WhatsApp); formulario de contacto,"Sí (líder Peter Boutros habla inglés, español y árabe, según el sitio)",https://njtoprealestateteam.com/,https://njtoprealestateteam.com/contact-us/,@stunningnjhomes,n/d (solo perfil personal del líder),https://www.realtrends.com/team-profile/unify-real-estate-team-new-jersey-exp-realty/ ; https://njtoprealestateteam.com/ ; https://www.indeed.com/q-Real-Estate-Agent-l-New-Jersey-jobs.html,Alta,"Compra leads de Zillow de forma explícita y paga ISAs; su dolor es la conversión, que es justo el producto"
New York metro (Queens),East Elmhurst / Jackson Heights,NY,Queens Home Team,Keller Williams Realty Landmark II,Medium Team (RealTrends); 8 miembros visibles en web/Zillow,"RealTrends 2026: $52.07M, 65.5 sides (2025); #1 ciudad East Elmhurst","landing PPC (/contact-ppc/, 'Become a Client'); perfiles Zillow y Realtor.com enlazados; home valuation + buyer questionnaire; recluta agentes (/join/)",sin chat ni 'text us' visible; formulario + email individual (no genérico),"Sí (web anuncia agentes que hablan español, nepalí, tibetano, hindi)",https://www.queenshometeam.com/,https://www.queenshometeam.com/help/,@queenshometeam,Queens Home Team at Keller Williams Realty (URL n/d),https://www.realtrends.com/team-profile/queens-home-team-new-york-keller-williams/ ; https://www.queenshometeam.com/,Alta,"Equipo medio que paga anuncios (landing PPC) y está en Zillow/Realtor.com, sin chat: encaja de lleno"
New York metro (Long Island/Queens),Garden City,NY,Rafael Ching Real Estate Team,Keller Williams,7 agentes (RealTrends) - Medium Team,"RealTrends 2026: $38.01M, 70 sides (2025); #143 volumen NY estado","oferta de empleo 'Team Buyer's Agent' Long Island (snippet ZipRecruiter, desde $100K) = volumen de compradores; home value tool; 750+ familias atendidas",tiene chat en vivo en la web (cobertura parcial); sin dato de tiempos,Sí (se presenta como equipo multilingüe; idiomas concretos n/d),https://www.rafaelchingteam.com/,n/d (formularios en home),@rafaelchingteam,n/d (solo perfil personal),https://www.realtrends.com/team-profile/rafael-ching-real-estate-team-new-york-keller-williams/ ; https://www.rafaelchingteam.com/,Alta,"Equipo de volumen (ticket medio $543K) contratando buyer agents; ya usa chat, vender como upgrade 24/7 EN/ES + agenda"
New York metro (Brooklyn),"Midwood, Brooklyn",NY,The Behfar Team,The Behfar Team (brokerage propio),"14 agentes (web) / 15 miembros (perfil Zillow, snippet)",n/d en RealTrends; 331 reseñas Zillow (snippet); 133 reseñas Google 4.9,perfil de equipo en Zillow con 331 reseñas; home valuation; ventas + alquileres,tiene WhatsApp (responde por chat); sin dato de horario/automatización,"Sí (EN, ES, FR, farsi, hebreo)",https://www.thebehfarteam.com/,https://www.thebehfarteam.com/contact/,@thebehfarteam,https://www.linkedin.com/company/the-behfar-team/,https://www.zillow.com/profile/The%20Behfar%20Team ; https://www.thebehfarteam.com/,Alta,"14 agentes, Zillow + alquileres = mucho volumen de leads; email genérico office@thebehfarteam.com"
New York metro (Brooklyn/Queens/Staten Island),Brooklyn (Bath Ave / Bay Ridge),NY,The Expansion Team at RE/MAX Edge,RE/MAX Edge,6 agentes (RealTrends) - Medium Team,"RealTrends 2026: $48.10M, 72 sides (2025); '$250M+ volumen desde 2015' (web)","perfil Zillow del equipo (250+ reseñas); la oficina RE/MAX Edge aparece como Zillow Premier Agent (1,819 reseñas, 588 ventas 12m, snippet); squeeze pages: Free Home Valuation y calculadora de net proceeds",sin chat; solo llamada/texto y formulario,n/d,https://expansionteamnyc.com/,https://expansionteamnyc.com/contact/,@expansionteamnyc,"n/d (enlazado en web, URL no vista)",https://www.realtrends.com/team-profile/the-expansion-team-new-york-remax-edge/ ; https://expansionteamnyc.com/,Alta,"Captación agresiva de vendedores (valuation) + presencia Zillow, sin chat; email genérico info@expansionteamnyc.com"
Greater Philadelphia (suburbios),West Chester (Chester/Delaware/Montgomery),PA,Gary Mercer Team,LPT Realty,Mega (RealTrends); 11 agentes según perfil web,"RealTrends 2026: $263.90M, 431 sides (2025); web: $256M vendido 2025",Job post Indeed 'Zillow Partner + Listing Appts' (Zillow Flex lead division); perfil Zillow Premier,Web: formulario + home valuation + IDX; sin chat ni text-us; sin español; sin email genérico,No visto,https://garymercer.lpthomesearch.com/,https://garymercer.lpthomesearch.com/contact,@sharramercer,https://www.linkedin.com/company/thegarymercerteam,https://www.realtrends.com/team-profile/gary-mercer-team-pennsylvania-lpt-realty/ ; https://www.indeed.com/cmp/Gary-Mercer-Group ; https://garymercer.lpthomesearch.com/,Alta,Partner Zillow Flex con alto volumen y sin chat/texto inmediato en web
Greater Philadelphia (suburbios),Collegeville (Montgomery) / Reading,PA,Hammond Homes (Michael Hammond Jr.),Keller Williams,"Medium (6–10, RealTrends); 7 agentes en web","RealTrends 2026: $53.78M, 121 sides (2025)",Job posts 'Zillow Preferred (Flex) Real Estate Agent' (West Chester y Reading): 'live tour requests'; soporte ISA mencionado en la oferta,Web: solo formulario de contacto; sin chat ni text-us; sin home valuation,Sí (1 agente bilingüe ES),https://hammond-homes.com/,https://hammond-homes.com/contact-us/,@michaelhammondjr,n/d,https://www.realtrends.com/team-profile/hammond-homes-pennsylvania-keller-williams/ ; https://tallo.com/talent/job/sales/real-estate-agent-or-broker/pa/west-chester/zillow-preferred-flex-real-e-4ac5824a ; https://www.indeed.com/viewjob?jk=b612063cd66fe9dc ; https://hammond-homes.com/about-us/,Alta,Equipo mediano que paga Zillow Flex y se expande a Reading: tamaño exacto del target
Greater Philadelphia,Philadelphia,PA,Premier Home Team,Keller Williams (KW Empower),"Large (11–20 agentes, categoría RealTrends)","RealTrends 2026: $58.78M, 231 sides (2025); precio medio bajo (~$253K)",Careers: rol de 'Telemarketer' en el organigrama; 'lead generation' con scripts y red de webs ('1 Million potential buyers'),Alto volumen de sides de ticket bajo (muchos leads por cierre); no español visible pese a mercado Philly/Delco,No visto,https://www.premierhometeam.com/,https://www.premierhometeam.com/connect,@premier.home.team,kw-premier-home-team (LinkedIn),https://www.realtrends.com/team-profile/premier-home-team-pennsylvania-keller-williams/ ; https://www.premierhometeam.com/careers,Alta,Estructura de lead gen con telemarketer + alto volumen; ya tiene chat web pero no bilingüe
Greater Philadelphia,Philadelphia,PA,Q&U Team (Eli Qarkaxhia Team),Compass,"Mega (RealTrends); 3 oficinas (Center City, Main Line, South Jersey)","RealTrends 2026: $102.03M, 254 sides (2025)","Recruiting: 'live, high-intent leads' vía Zillow Flex e in-house funnels; job post: Zillow Flex, Redfin y HomeLight Elite; ISA team agenda citas",Web: solo formulario de contacto; sin chat ni text-us; sin español visible; reclutando agentes nuevos continuamente (volumen de leads a trabajar),No visto,https://qanduteam.com/,https://qanduteam.com/contact-us,n/d,n/d,https://www.realtrends.com/team-profile/eli-qarkaxhia-team-pennsylvania-compass/ ; https://www.joinqandu.com/join-page ; https://bebee.com/us/jobs/real-estate-agent-zillow-flex-redfin-leads-isa-team-philadelphia-pa-q-u-team-compass-real-estate-phi--theirstack-672257625,Alta,Paga Zillow Flex + Redfin + HomeLight y ya invierte en ISA: respuesta <1 min 24/7 complementa/abarata ISA
Lehigh Valley,Easton / Bethlehem,PA,The Chris Lawlor Team,Coldwell Banker Hearthside,Large; 11 agentes (RealTrends),"RealTrends 2026: $37.22M, 91 sides (2025); #1 Easton",Job post Indeed 'Zillow Flex Real Estate Agent' Allentown ('handpicked by Zillow'),Web: formulario + home valuation; sin chat ni text-us; sin español,No visto,https://chrislawlorteam.com/,n/d (formulario en navegación),n/d,n/d,https://www.realtrends.com/team-profile/the-chris-lawlor-team-pennsylvania-coldwell-banker-hearthside/ ; https://www.indeed.com/viewjob?jk=874df9bd47461d03 ; https://chrislawlorteam.com/,Alta,"Partner Zillow Flex, 11 agentes, sin respuesta instantánea ni español en mercado hispano"
Greater Philadelphia (Bucks),Newtown,PA,The DiCicco Team (Anthony DiCicco),Keller Williams Newtown,Medium/Small (n/d exacto),"RealTrends 2026: $50.07M, 112 sides (2025); web: $260M+ acumulado",Se presenta como Zillow Premier Agent en su web,Web: formulario + home valuator; sin chat ni text-us; sin español; sin página de carreras,No visto,https://diciccosells.com/,https://diciccosells.com/contact/,n/d (enlazado),n/d,https://www.realtrends.com/team-profile/dicicco-team-pennsylvania-keller-williams/ ; https://diciccosells.com/,Alta,Paga Zillow Premier Agent y responde solo vía formulario/teléfono
North NJ (Hudson),Bayonne / Fairfield,NJ,Betancurth Real Estate Group,Real Broker LLC,Large team según RealTrends (11-20); el sitio muestra 5 agentes,"RealTrends 2026: $12.76M, 27 sides (2025); el sitio dice $100M+ acumulados",Formulario 'Get My Value' de valuación; cuestionario '¿qué buscas hacer?' para captar leads,Sin chat; formulario incrustado,Probable (estimación: fundador de familia colombiana y mercado hispano de Hudson); no declarado,https://bregrealty.com/,https://bregrealty.com/ (formulario en la página principal),n/d,n/d,https://www.realtrends.com/team-profile/betancurth-real-estate-group-new-jersey-the-real-brokerage-inc/ ; https://bregrealty.com/,Media,Mercado hispano con captación activa pero producción modesta: presupuesto incierto
Central NJ (Monmouth),Shrewsbury,NJ,Gruosso Group,Keller Williams,Medium team según RealTrends (6-10 agentes),"RealTrends 2026: $30.15M, 44 sides (2025)","Página /join que promete 'More Leads, More Opportunities' a los agentes",Sin chat; formulario /contact,n/d,https://www.gruossogroup.com,https://www.gruossogroup.com/contact,@gruossogroup,https://www.linkedin.com/company/103392069,https://www.realtrends.com/team-profile/gruosso-group-new-jersey-keller-williams/ ; https://www.gruossogroup.com/join,Media,"Ofrece leads a los agentes que recluta, lo que implica generación pagada; tamaño medio"
North NJ (Morris),Morristown,NJ,Holmquist Group powered by PLACE,Keller Williams,Medium team según RealTrends (6-10 agentes),"RealTrends 2026: $75.74M, 118 sides (2025)","Página /careers de PLACE: 'leads', 'your own showing specialist, Admin, ISA'; generación de leads centralizada",Ya usan Brivity (CRM de PLACE) con chatbot y un ISA de PLACE: hueco pequeño,n/d,https://www.holmquistgroup.com,https://www.holmquistgroup.com/connect,@theholmquistteam,n/d,https://www.realtrends.com/team-profile/holmquist-group-powered-by-place-new-jersey-keller-williams/ ; https://www.holmquistgroup.com/careers,Media,"Compran leads y tienen volumen, pero el paquete de PLACE ya cubre chatbot e ISA"
North NJ (Bergen/Passaic/Hudson),Bergenfield / Montclair,NJ,Links Residential,eXp Realty,Large team según RealTrends (11-20 agentes),"RealTrends 2026: $111.1M, 110 sides (2025)",Página /property-valuation; perfil de Zillow 'LinksNJ'; recluta ('Join Us at eXp Realty'),Sin chat (sitio Luxury Presence); no hay página de contacto clara en el HTML (n/d),n/d,https://linksnj.com/,n/d,@linksnj,https://www.linkedin.com/company/links-residential,https://www.realtrends.com/team-profile/links-residential-new-jersey-exp-realty/ ; https://linksnj.com/,Media,"Buen tamaño y captación de vendedores, pero no se vio compra de leads explícita"
North NJ (Essex/Union),Montclair,NJ,Michael Tejada Real Estate Team (Tejada Team),RE/MAX Select,Medium team según RealTrends (6-10 agentes),"RealTrends 2026: $27.26M, 50 sides (2025)",CRM y sitio Lofty (plataforma con generación de leads); página /evaluation (valuación gratis); agenda /appointments; perfil de Zillow,Sin chat ni texto; formulario de contacto,"Probable (estimación: miembros hispanos y mercado de Union, Kearny y Clifton); no declarado",https://tejadateam.com/,https://tejadateam.com/contact,n/d,n/d,https://www.realtrends.com/team-profile/michael-tejada-real-estate-team-new-jersey-remax-select/ ; https://tejadateam.com/,Media,Herramientas de captación (Lofty) sin respuesta instantánea; equipo medio en mercado bilingüe
Central NJ (Union),Westfield,NJ,NJ Property Experts,Coldwell Banker Realty,12 agentes (RealTrends); Large team,"RealTrends 2026: $58.28M, 72 sides (2025)",Perfil de Zillow 'NJPropertyExperts'; valuación en la página de CB; atienden inversionistas y rentas,Página del equipo dentro del portal de Coldwell Banker (sin sitio propio ni chat del equipo),n/d (el portal de CB tiene traductor automático; no cuenta),https://www.coldwellbankerhomes.com/nj/westfield/team/the-lisa-stafford-team/tid_1400/,https://www.coldwellbankerhomes.com/nj/westfield/team/the-lisa-stafford-team/tid_1400/,@njpropertyexperts,n/d,https://www.realtrends.com/team-profile/nj-property-experts-new-jersey-coldwell-banker-realty/ ; https://www.coldwellbankerhomes.com/nj/westfield/team/the-lisa-stafford-team/tid_1400/,Media,"12 agentes y Zillow, pero sin infraestructura propia: depende del portal de CB"
Central NJ (Middlesex),Monroe / North Brunswick,NJ,Rowack Real Estate Team,eXp Realty,Enterprise team (RealTrends 51+); ~70 agentes según directorios,"RealTrends 2026: $326.34M, 595 sides (2025); #3 de NJ por sides",Vacantes 'Zillow Real Estate Agent' con 'company provided leads'; sitio BoomTown (CRM de generación de leads); valuación de casa,Formulario /contactus; sin chat visible,n/d,https://www.rowackrealestateteam.com/,https://www.rowackrealestateteam.com/contactus/,n/d,n/d,https://www.realtrends.com/team-profile/rowack-team-new-jersey-exp-realty/ ; https://www.rowackrealestateteam.com/,Media,"Gran comprador de leads, pero demasiado grande: probablemente ya tiene ISA o sistema propio"
Central NJ (Somerset/Middlesex),Hillsborough,NJ,The Destination NJ Home Selling Team,RE/MAX Supreme,Medium team según RealTrends (6-10 agentes),"RealTrends 2026: $34.26M, 57 sides (2025); el sitio dice 500+ familias atendidas",Embudo 'Help me with: Selling / Buying'; valuación de casa; 300+ reseñas en Google y Zillow,Sin chat ni texto en el sitio; formulario /contact,n/d,https://www.destinationnj.com,https://www.destinationnj.com/contact,@destination.nj,https://www.linkedin.com/company/destination-nj-home-selling-team,https://www.realtrends.com/team-profile/the-destination-nj-home-selling-team-new-jersey-remax-supreme-the-destination-nj-home-selling-team/ ; https://www.destinationnj.com,Media,Equipo de captación de vendedores con presencia en Zillow; tamaño medio
North NJ (Bergen/Hudson),Ridgewood / Secaucus,NJ,The Parlay Group,Keller Williams Village Square,12 agentes + 2 staff (HousingWire); Large team según RealTrends,"RealTrends 2026: $31.71M, 48 sides (2025); 2024: $90.6M, 263 unidades (KW Outfront)",Página /home-valuation; menciones de Zillow en el sitio; cofundador con enfoque en inversionistas y primeros compradores,Sin chat (sitio Luxury Presence); formulario /contact,Probable (estimación: cofundador Hipolito Touron y mercado de Hudson); no declarado,https://theparlaygroupre.com/,https://theparlaygroupre.com/contact,@theparlaygroupre,n/d,https://www.realtrends.com/team-profile/the-parlay-group-new-jersey-keller-williams/ ; https://www.housingwire.com/articles/keller-williams-the-parlay-group-new-jersey-affiliate/,Media,Tamaño ideal y sin chat; las señales de compra de leads son indirectas
New York metro (Queens),Flushing,NY,Jamie Realty Group (Jamie Zheng Team),Jamie Realty Group (brokerage propio),n/d,"'600+ cierres', '18+ años' (web); n/d en RealTrends",perfil Zillow enlazado; formulario 'schedule showing'; página de careers (recluta),"sin chat, sin WeChat ni WhatsApp; solo formulario","Sí (inglés, mandarín, cantonés, español)",https://www.jamierealtygroup.com/,https://www.jamierealtygroup.com/contact.html,@jamierealtor_ny,"Jamie Realty Group (página de empresa, URL n/d)",https://www.jamierealtygroup.com/,Media,Multilingüe y sin canal instantáneo; sin evidencia directa de compra de leads
New York metro (Brooklyn),Brooklyn (Avenue P),NY,Melanie Kishk Century 21 Team,CENTURY 21 MK Realty,n/d,"RealTrends 2026 (individual): $30.48M, 16 sides (2025); 'Century 21 #1 Sales Team in NYC'",perfil de equipo en Zillow con 261 reseñas (snippet); también comercial y Jersey Shore,n/d (web propia no verificada),"Sí (EN, hebreo, español)",n/d,https://www.century21.com/real-estate-agent/profile/melanie-kishk-P25405999,n/d,https://www.linkedin.com/in/melanie-kishk/ (perfil personal),https://www.realtrends.com/agent-profile/melanie-kishk-new-york/ ; https://www.zillow.com/profile/melaniekishk,Media,Presencia fuerte en Zillow y trilingüe; volumen de sides bajo (ticket alto)
New York metro (Queens/Long Island),"Forest Hills, Queens",NY,The Alliance Team (Vincent Koo Team),eXp Realty,n/d (equipo 'Mega Icon' de eXp; estimación: grande),n/d en RealTrends,Zillow Premier Agent (snippet de búsqueda); contrata listing assistants y agentes ('We're Hiring!'); formularios compra/venta/financiación,tiene chat en vivo; sin email genérico,n/d,https://www.allianceallin.com/,n/d (formularios en web),@allianceallin,n/d (solo perfil personal de Vincent Koo),https://www.zillow.com/profile/Vincent%20Koo ; https://www.allianceallin.com/,Media,"Compra Zillow y recluta mucho, pero ya tiene chat y escala de mega team (posible ISA propio)"
New York metro (Westchester),White Plains,NY,The Byrne Homes Team,Christie's International Real Estate Group,5-6 agentes (RealTrends),"RealTrends 2026: $23.99M, 35 sides (2025)",perfil Zillow de la líder; web de testimonios (westchestercountyresidences.com),n/d,n/d,https://www.westchestercountyresidences.com/,n/d,n/d,n/d,https://www.realtrends.com/team-profile/the-byrne-homes-team-new-york-christie-s-int-l-real-estate-group/,Media,Equipo de 5-6 en Westchester/Fairfield con ticket medio $685K; compra de leads n/d
New York metro (Long Island),Massapequa / East Islip,NY,The Debbie Carpluk Team,Keller Williams Realty Elite,Large Team (RealTrends; nº exacto n/d),"RealTrends 2026: $55.20M, 84.8 sides (2025); #48 volumen NY estado",IDX 'Explore Homes'; sin mención a Zillow/Realtor.com,sin chat ni 'text us'; formulario de contacto,No (no mencionado),https://www.carplukteam.com/,https://www.carplukteam.com/contact,@thecarplukteam,n/d,https://www.realtrends.com/team-profile/the-debbie-carpluk-team-new-york-keller-williams/ ; https://www.carplukteam.com/,Media,Large team con ~85 sides y contacto solo por formulario; falta evidencia de leads pagados
New York metro (Queens),Bayside,NY,The Evans Llorens (Barriga) Team,Douglas Elliman,6 (RealTrends) / 10 (bio Elliman),"RealTrends 2026: $29.49M, 29.1 sides (2025); #4 Top Rental Teams (snippet)",perfiles Zillow individuales; mucho alquiler (volumen de consultas),n/d (sin web propia vista),"Sí ('multicultural', idiomas n/d)",https://www.elliman.com/real-estate-agent/steven-llorens/22997,n/d,n/d,n/d,https://www.realtrends.com/team-profile/the-evans-llorens-team-new-york-douglas-elliman/,Media,Equipo medio con muchos alquileres (leads de alto volumen); sin web propia
New York metro (Long Island),Dix Hills (Suffolk),NY,The Galluzzo Team,Compass,4 (web) - Small Team (RealTrends),"RealTrends 2026: $64.80M, 63 sides (2025); 'top 1.5%', 500+ casas desde 2018 (web)",home valuation 'Get Home Value'; formulario 'Interested in...'; sin mención a Zillow,solo formularios + opt-in de texto; sin chat; sin español,No (no mencionado),https://galluzzoteam.com/,n/d (formulario en home),@thegalluzzoteam_longislandny,https://www.linkedin.com/company/the-galluzzo-team/,https://www.realtrends.com/team-profile/the-galluzzo-team-new-york-compass/ ; https://galluzzoteam.com/,Media,"Buen volumen y respuesta solo por formulario, pero sin señales de compra de leads de portal"
New York metro (Queens/Long Island),"Long Island City, Queens",NY,The Goldbar Team (Juan Barreneche),eXp Realty,n/d,"n/d en RealTrends; 'líder sold 1,000+ homes' (snippet perfil eXp)",perfil de equipo en Zillow; IG con 220k+ seguidores (@goldbarluxuryhomes / @latinoagent) = muchos DMs; vende formación de 'lead generation automation' a agentes (joingoldbar.com),"goldbarteam.com redirige a página de coaching, no a captación de compradores/vendedores",Sí (líder es presidente de NAHREP Queens; marca @latinoagent),https://www.goldbarteam.com/ (redirige a joingoldbar.com),n/d,@goldbarluxuryhomes ; @latinoagent,n/d,https://www.zillow.com/profile/goldbarteam ; https://www.joingoldbar.com/,Media,"Mucho volumen inbound EN/ES por redes, pero enseña automatización de leads: puede construirlo él o volverse partner"
New York metro (Westchester/Bronx),Yonkers,NY,The Tony Murphy Sales Team,Houlihan Lawrence,n/d,'#1 agente Houlihan Lawrence en Yonkers y el Bronx'; 'top 1.5%' (snippets),perfil Zillow (tmurphyrealtor); aparece en búsquedas de 'Zillow Flex Westchester' (no confirmado),web = bio en Houlihan Lawrence (403 al consultarla); sin web propia vista,n/d,https://www.houlihanlawrence.com/bio/thetonymurphysalesteam,n/d (bloqueado),n/d,n/d,https://www.zillow.com/profile/tmurphyrealtor ; https://www.houlihanlawrence.com/bio/thetonymurphysalesteam,Media,Mercado Yonkers/Bronx con mucho lead hispano y sin web propia; compra de leads no confirmada
New York metro (Staten Island),"New Dorp, Staten Island",NY,The Zappulla Team,DiTommaso Real Estate (snippet también menciona RE/MAX Elite),n/d (equipo familiar),288 ventas registradas (snippet); SIBOR Top Producing Team,perfil de equipo en Zillow con 133 reseñas,n/d (sin web propia vista; contacto por Facebook/teléfono),n/d,n/d,https://www.facebook.com/ZappullaTeam/ (página de Facebook),n/d,n/d,https://www.zillow.com/profile/PZappulla2013,Media,"Top team de Staten Island activo en Zillow, sin web ni canal digital propio"
Greater Philadelphia,Philadelphia (NE Philly),PA,Jason Rodriguez Realty Team,RE/MAX Affiliates,Small; 2 agentes (RealTrends),"RealTrends 2026: $11.04M, 48 sides (2025)","Nicho primeros compradores, PHFA grants y compradores ITIN (alto volumen de consultas de bajo ticket)",Equipo de 2 personas atendiendo muchos leads; web bloqueó acceso (403) — no se verificó chat,Sí (español y portugués),https://www.jasonrodriguezteam.com/,n/d (bloqueado),n/d,n/d,https://www.realtrends.com/team-profile/jason-rodriguez-realty-team-pennsylvania-remax-affiliates/,Media,48 sides con 2 agentes y nicho hispano: la cobertura 24/7 bilingüe es valor directo; presupuesto menor
Greater Philadelphia,Philadelphia,PA,Philly Home Girls,Elfant Wissahickon Realtors,Large; 16 agentes (RealTrends),"RealTrends 2026: $139.19M, 305 sides (2025); '#1 Large Team by sides' en Philly",n/d (no se vio compra de leads; foco en open houses y workshops),Sin chat; text a número del equipo; home valuation sin formulario visible; sin español,No visto,https://www.phillyhomegirls.com/,https://www.phillyhomegirls.com/contact-us,@phillyhomegirls,n/d,https://www.realtrends.com/team-profile/philly-home-girls-pennsylvania-elfant-wissahickon-realtors/ ; https://www.phillyhomegirls.com/,Media,Mucho volumen (305 sides) y open houses generan leads; sin evidencia de compra pagada
Lehigh Valley,Allentown,PA,The Cliff Lewis Experience,Coldwell Banker Hearthside,Mega; 55 agentes + 10 de soporte (web),"RealTrends 2026: $188.83M, 521 sides (2025); Zillow: 416 ventas últimos 12 meses",Zillow Premier Agent (perfil con 430 reseñas); job post 'Zillow Flex' en Bucks County,Web: formularios + home valuation + opt-in SMS; sin chat en vivo; sin español,No visto,https://clifflewisrealtor.com/,https://clifflewisrealtor.com/contact,@clifflewisexperience,n/d,https://www.realtrends.com/team-profile/the-cliff-lewis-experience-pennsylvania-coldwell-banker-hearthside/ ; https://www.zillow.com/profile/Lewiscli ; https://clifflewisrealtor.com/,Media,"Gran comprador de Zillow, pero con 10 de staff puede tener ISA; mercado Allentown muy hispano"
Lehigh Valley,Bethlehem,PA,The Eric Leadbetter Team,Coldwell Banker Hearthside (ex Acre & Estate),Large; 15 agentes (RealTrends),"RealTrends 2026: $27.42M, 83 sides (2025)",Reseñas Zillow destacadas; home valuation + 'Perfect Home Finder VIP list' (squeeze pages),Sin chat ni text-us visible; sin español,No visto,https://theericleadbetterteam.com/,https://theericleadbetterteam.com/contact/,@theericleadbetterteam,n/d,https://www.realtrends.com/team-profile/the-eric-leadbetter-team-pennsylvania-coldwell-banker-hearthside/ ; https://theericleadbetterteam.com/,Media,Embudos de captación propios y equipo de 15 en crecimiento; compra de Zillow no confirmada
Greater Philadelphia,Philadelphia,PA,The Mike McCann Team,Keller Williams,Mega; 28 agentes (RealTrends); #1 PA por volumen,"RealTrends 2026: $341.97M, 665 sides (2025)","Perfil Zillow enlazado; formularios, home valuation e IDX con opt-in SMS",Sin chat dedicado; sin español; sin página de carreras visible,No visto,https://www.mccannteam.com/,https://mccannteam.com/contact,@themccannteam,n/d,https://www.realtrends.com/team-profile/the-mike-mccann-team-pennsylvania-keller-williams/ ; https://www.mccannteam.com/,Media,Volumen enorme; probablemente ya tiene ISA/estructura interna (mega team) — venta más larga
Lehigh Valley,Allentown,PA,The Rosa Ylonka Perez Team,Iron Valley Real Estate of Lehigh Valley,"Large (11–20, categoría RealTrends)","RealTrends 2026: $25.56M, 112 sides (2025)",n/d (solo sitio de agente de la brokerage),Sin sitio propio del equipo; contacto vía página de agente de Iron Valley,Sí (español),https://rosaylonkaperez.ironvalleyrealestate.com/,https://rosaylonkaperez.ironvalleyrealestate.com/,n/d,n/d,https://www.realtrends.com/team-profile/the-rosa-ylonka-perez-team-pennsylvania-iron-valley-real-estate-of-lehigh-valley/ ; https://rosaylonkaperez.ironvalleyrealestate.com/,Media,112 sides de ticket bajo (~$228K) en mercado hispano; sin infraestructura digital propia
Greater Philadelphia (suburbios),West Chester,PA,Tom Toole Sales Group,RE/MAX Main Line,Mega; ~70+ agentes (web),"RealTrends 2026: $249.41M, 501 sides (2025)","Job posts 'Zillow Flex Team' (Chester, Springfield, Drexel Hill); inside sales team que califica leads y agenda citas","Web: búsqueda básica, sin chat ni text-us; reclutamiento constante de agentes nuevos",Sí (español entre idiomas del equipo),https://www.tomtoole.com/,https://www.tomtoole.com/contact/,@tomtoolesalesgroup,https://www.linkedin.com/company/tom-toole-sales-group,"https://www.realtrends.com/team-profile/tom-toole-sales-group-pennsylvania-remax-main-line/ ; https://www.tomtoole.com/about/ ; https://www.indeed.com/q-real-estate-l-delaware-county,-pa-jobs.html",Media,Compra Zillow Flex pero ya tiene ISA interno; vender como cobertura nocturna/fin de semana
Greater Philadelphia,Philadelphia,PA,Venture Philly Group,Keller Williams (KW Empower),Large; 19 agentes (RealTrends),"RealTrends 2026: $42.05M, 88 sides (2025)",Join page: 'Proven buyer & seller lead generation systems' y 'Top-Rated CRM & Lead Systems',Contacto solo por formulario/teléfono; sin chat ni text-us; sin español,No visto,https://www.venturephilly.com/,https://www.venturephilly.com/contact-us-2/,@venturephilly,https://www.linkedin.com/company/venture-philly-group,https://www.realtrends.com/team-profile/venture-philly-pennsylvania-keller-williams/ ; https://www.venturephilly.com/join-our-team,Media,Ofrece leads a sus agentes (fuentes no especificadas); equipo grande sin canal instantáneo
North NJ (Essex),Millburn / Short Hills,NJ,LuxeLife Group powered by PLACE,eXp Realty,Large team según RealTrends (11-20 agentes),"RealTrends 2026: $36.33M, 30 sides (2025)","Careers: 'team-generated leads', 'systems to generate leads'; valuación instantánea; perfil de Zillow",Brivity con chatbot (PLACE): ya tienen respuesta automática,n/d,https://luxeliferealestategroup.com,https://luxeliferealestategroup.com/connect,@luxelifegroup,https://www.linkedin.com/company/11022315/,https://www.realtrends.com/team-profile/luxelife-group-powered-by-place-new-jersey-exp-realty/ ; https://luxeliferealestategroup.com/careers-with-us,Baja,"Compran leads, pero PLACE ya les da chatbot e ISA"
North NJ (Hudson),Hoboken,NJ,Opulent Living Team,Keller Williams City Life (powered by PLACE),Large team según RealTrends (11-20 agentes),"RealTrends 2026: $29.47M, 40 sides (2025)","Careers de PLACE (leads, ISA); perfil de Zillow 'opulentliving'",Brivity con chatbot (PLACE),n/d,https://www.opulentlivingteam.com/,https://www.opulentlivingteam.com/connect,@maryanskigroup,n/d,https://www.realtrends.com/team-profile/opulent-living-team-new-jersey-keller-williams/ ; https://www.opulentlivingteam.com/careers,Baja,El stack de PLACE ya cubre la respuesta rápida
Central NJ (Mercer),Pennington,NJ,Premiere Home Group (Stefanie Prettyman),Real Broker LLC (powered by PLACE),Medium team según RealTrends (6-10 agentes),"RealTrends 2026: $37.51M, 75 sides (2025)",Vacante de agente publicada (realtypostings); PLACE (leads e ISA centralizados),Probable stack de PLACE (estimación); el blog no tiene chat,n/d,https://blog.premierehomegroup.com/,https://www.premierehomegroup.com/connect,@stefsells_nj,n/d,https://www.realtrends.com/team-profile/premiere-home-group-new-jersey-the-real-brokerage-inc/ ; https://blog.premierehomegroup.com/,Baja,"Mercer con volumen medio, pero PLACE probablemente ya cubre la conversión"
Central NJ (Union/Middlesex),Westfield,NJ,Radius Realty Group,Keller Williams (powered by PLACE),11 agentes (RealTrends); Large team,"RealTrends 2026: $48.38M, 64 sides (2025)","Careers de PLACE (leads, ISA, showing specialist); perfil de Zillow",Brivity con chatbot (PLACE),n/d,https://www.radiusrealtynj.com/,https://www.radiusrealtynj.com/connect,n/d,n/d,https://www.realtrends.com/team-profile/radius-realty-group-new-jersey-keller-williams/ ; https://www.radiusrealtynj.com/careers,Baja,"Tamaño ideal, pero PLACE ya cubre la respuesta y el ISA"
North NJ (Bergen),Woodcliff Lake,NJ,Target Team,Keller Williams,Medium team según RealTrends (6-10 agentes),"RealTrends 2026: $175.86M, 203 sides (2025)",n/d (no se vio compra de leads explícita),Sitio Brivity con chatbot,n/d,https://www.targetreteam.com/,https://www.targetreteam.com/connect,@thetargetteam,n/d,https://www.realtrends.com/team-profile/target-team-new-jersey-keller-williams/ ; https://www.targetreteam.com/,Baja,Mucho volumen por agente (referidos o lujo); ya tiene chatbot
North NJ (Hudson),Hoboken,NJ,Urban Coast Group,Keller Williams City Life,11 agentes (RealTrends); Large team,"RealTrends 2026: $81.32M, 148 sides (2025)",n/d (no se vio compra de leads explícita),Sitio Brivity con chatbot: ya tienen respuesta automática,n/d,https://www.urbancoastgroup.com/,https://www.urbancoastgroup.com/contact,n/d (solo IG personal del líder),n/d,https://www.realtrends.com/team-profile/urban-coast-group-new-jersey-keller-williams/ ; https://www.urbancoastgroup.com/,Baja,"Buen volumen, pero ya usa Brivity con chatbot y no hay señales de compra de leads"
New York metro (Staten Island),Staten Island,NY,Jason Mitchell Group (oficina NY),Jason Mitchell Real Estate New York,"Enterprise (nacional, 22 estados)",Zillow: 440 ventas 12m y 233 reseñas en el perfil de NY (snippet),"partner de referidos de Zillow, Rocket y Veterans United; '90% del negocio viene de partners de referidos'",n/d; recluta agentes en Staten Island (LinkedIn),n/d,https://www.mitchellgroupny.com/,n/d,n/d,https://www.linkedin.com/company/the-jason-mitchell-group,https://www.zillow.com/profile/JasonmitchellgroupNY,Baja,Compra muchísimos leads pero es enterprise con operación de ISA propia; demasiado grande para la oferta
New York metro (Brooklyn),"Williamsburg, Brooklyn",NY,The Forray Team,Corcoran,8 agentes (RealTrends) - Medium Team,"RealTrends 2026: $75.20M, 47.4 sides (2025)",n/d,n/d,n/d,n/d,n/d,n/d,n/d,https://www.realtrends.com/team-profile/the-forray-team-new-york-corcoran/,Baja,"Corcoran, ticket alto; sin señales de leads de portal"
New York metro (Manhattan),New York (Manhattan),NY,The Gold Team,Corcoran,Small Team (RealTrends),"RealTrends 2026: $420.23M, 80 sides (2025); #3 volumen NY estado","n/d (lujo Manhattan, pocas veces compra leads de portal)",n/d,n/d,n/d,n/d,n/d,n/d,https://www.realtrends.com/team-profile/the-gold-team-new-york-corcoran/,Baja,"Lujo de Manhattan con relaciones y referidos, no portales"
New York metro (Westchester),Bronxville,NY,The Hackett Home Team at Compass,Compass,Medium Team (RealTrends),"RealTrends 2026: $37.60M, 33 sides (2025)",n/d,n/d,n/d,n/d,n/d,n/d,n/d,https://www.realtrends.com/team-profile/the-hackett-home-team-at-compass-new-york-compass/,Baja,Solo hay ranking; equipo Compass de mercado alto sin señales de portal
New York metro (Queens),Long Island City,NY,The Schiff Team,Douglas Elliman,3 agentes (RealTrends) - Small Team,"RealTrends 2026: $17.03M, 17.5 sides (2025)",n/d,n/d,n/d,n/d,n/d,n/d,n/d,https://www.realtrends.com/team-profile/the-schiff-team-new-york-douglas-elliman/,Baja,"Equipo pequeño de Elliman, pocos sides, sin señales de compra"
New York metro (Westchester),Scarsdale,NY,Totally Westchester Team at Compass,Compass,3 agentes (RealTrends) - Small Team,"RealTrends 2026: $38.88M, 23 sides (2025)",n/d,n/d,n/d,n/d,n/d,n/d,n/d,https://www.realtrends.com/team-profile/totally-westchester-team-at-compass-new-york-compass/,Baja,"Equipo pequeño de ticket alto, sin señales de leads pagados"
Greater Philadelphia,Philadelphia,PA,City Block Team (Jeff Block),Compass,"Large (11–20 agentes, categoría RealTrends)","RealTrends 2026: $70.26M, 120 sides (2025)",n/d,Formularios + home valuation; sin chat ni text-us; sin español,No visto,https://cityblockteam.com/,https://cityblockteam.com/contact-us/,@cityblockteam,n/d,https://www.realtrends.com/team-profile/city-block-team-pennsylvania-compass/ ; https://cityblockteam.com/,Baja,Boutique de lujo Center City basado en reputación/referidos; sin señales de comprar leads
Greater Philadelphia (Montgomery),Blue Bell / Lafayette Hill,PA,Jim Romano and the Suburbs2City Team,Keller Williams,Small; 5 agentes (RealTrends),"RealTrends 2026: $44.40M, 85 sides (2025)","Home valuation, alertas de listings y newsletter (lead capture propio)",Sin chat ni text-us; sin español; sin página de carreras,No visto,https://suburbs2city.com/,https://suburbs2city.com/contact/,@suburbs2cityteam,n/d,https://www.realtrends.com/team-profile/the-suburbs2city-team-pennsylvania-keller-williams/ ; https://suburbs2city.com/,Baja,Productor alto pero sin evidencia de compra de leads; equipo pequeño
Lehigh Valley,Northampton,PA,Lehigh Valley Just Listed,"Independiente (Lehigh Valley Just Listed, LLC)",9 agentes (web),n/d,"Home valuation (HiFello), IDX y páginas en español 'Casas en venta' (captación SEO)",Contacto solo por teléfono; sin chat ni text-us; sin email genérico,Sí (páginas en español),https://www.lehighvalleyjustlisted.com/,https://www.lehighvalleyjustlisted.com/about/,n/d,n/d,https://www.lehighvalleyjustlisted.com/about/ ; https://www.lehighvalleyjustlisted.com/casas-en-venta-lehigh-valley/casas-en-allentown-pa/,Baja,Brokerage pequeño sin datos de producción ni compra de leads
Greater Philadelphia,Philadelphia,PA,Solara,Keller Williams (KW Empower),Large; 14 agentes (RealTrends),"RealTrends 2026: $22.98M, 57.8 sides (2025)",Perfil Zillow enlazado; formularios de home valuation e IDX,Sin chat ni text-us; sin español; contacto principal es email individual,No visto,https://solarateam.com/,https://solarateam.com/contact,n/d (enlazado sin handle visible),n/d,https://www.realtrends.com/team-profile/solara-pennsylvania-keller-williams/ ; https://solarateam.com/,Baja,Producción por agente baja y foco lujo; sin evidencia de compra de leads
Greater Philadelphia,Philadelphia (South Philly),PA,South Philly Real Estate Team (Vinny Fracassi),Keller Williams,n/d,n/d,Home valuation 'What's Your Home Worth' + búsqueda KW (lead capture propio),Sin chat; 'call or text' a número individual; sin página de carreras; sin español,No visto,https://www.southphillyrealestateteam.com/,https://www.southphillyrealestateteam.com/contact-us,@southphillyvinny,n/d,https://www.southphillyrealestateteam.com/,Baja,Marca personal; sin datos de producción ni compra de leads
Greater Philadelphia,Philadelphia / Main Line / South Jersey,PA,The Rarity Real Estate Team (Jim Roche),Keller Williams,Enterprise; 50+ agentes (web),"RealTrends 2026: $250.31M, 506 sides (2025)",Perfil Zillow; home valuation + IDX con login; página Join the Team,Sin chat ni text-us; sin español,No visto,https://rarityre.com/,https://rarityre.com/contact,n/d (enlazado),n/d (enlazado),https://www.realtrends.com/team-profile/rarity-real-estate-pennsylvania-keller-williams/ ; https://rarityre.com/,Baja,Demasiado grande (50+): probablemente con ISA/stack propio; fuera del target 3–15
