n,priority,team,market,size,channel_type,channel,alternate_channels,opener_based_on,observed_signals,site_check,opener_en,opener_es,follow_up_en,follow_up_es,status,sent_on,channel_used,follow_up_on,reply,call_booked,notes
1,Alta,Crawford Lorenzo Home Selling Team,"Morristown, NJ (North NJ (Morris))",Large team según RealTrends (11-20 agentes),Instagram DM,@crawfordlorenzoteamnj,Contact page: https://crawfordlorenzohomesellingteam.com/contact-us/,chat_widget (https://crawfordlorenzohomesellingteam.com/),chat_widget: chat widget (LeadConnector) in the page code [https://crawfordlorenzohomesellingteam.com/; homepage check 2026-10-05] | zillow: links to a Zillow profile [https://crawfordlorenzohomesellingteam.com/; homepage check 2026-10-05] | office_hours: office hours listed as Mon–Fri 9–5 (per directories) [https://crawfordlorenzohomesellingteam.com/; research CSV] | valuation: home valuation page [https://crawfordlorenzohomesellingteam.com/; research CSV] | realtrends: listed in RealTrends 2026 team rankings [https://www.realtrends.com/team-profile/crawford-lorenzo-home-selling-team-new-jersey-keller-williams/; research CSV],ok 2026-10-05,"Hi [name], I noticed you offer chat on your website. I run a small software studio and I'm researching how real estate teams handle new inquiries, especially nights, weekends and Instagram/WhatsApp messages. There's no pitch here; I'd just value your advice for 15 minutes. Would [Tue 4pm] or [Thu 11am] work?",,"Hi [name], just bringing this back up in case it got buried. Even 15 minutes of your perspective would help a lot, and if now is a bad time, no problem at all.",,draft,2026-10-05,Instagram DM @crawfordlorenzoteamnj,2026-10-10,none,,sent | checked 2026-10-05 2:14pm ET (~1.5 h after send): no reply
2,Alta,Jersey Property Group Realty,"Neptune / Freehold / Lakewood, NJ (Central NJ (Monmouth))",n/d (estimación: equipo pequeño-mediano según su página de agentes),Contact page,https://www.happyclientsnj.com/contact-us,,zillow_hiring (https://www.indeed.com/q-Real-Estate-Agent-l-New-Jersey-jobs.html),lead_platform: Ylopo [https://www.happyclientsnj.com/; homepage check 2026-10-05] | zillow: mentions Zillow [https://www.happyclientsnj.com/; homepage check 2026-10-05] | zillow_hiring: job posts / recruiting for Zillow Flex leads [https://www.indeed.com/q-Real-Estate-Agent-l-New-Jersey-jobs.html; research CSV],ok 2026-10-05,"Hi [name], I saw your team is hiring agents to work Zillow Flex leads. I run a small software studio and I'm researching how real estate teams handle new inquiries, especially nights, weekends and Instagram/WhatsApp messages. There's no pitch here; I'd just value your advice for 15 minutes. Would [Tue 4pm] or [Thu 11am] work?",,"Hi [name], just bringing this back up in case it got buried. Even 15 minutes of your perspective would help a lot, and if now is a bad time, no problem at all.",,draft,2026-10-05,Contact form happyclientsnj.com/contact-us,2026-10-10,,,sent
3,Alta,Michael Martinetti Group,"Westfield / Scotch Plains, NJ (Central NJ (Union))",Large team según RealTrends (11-20 agentes),Instagram DM,@michaelmartinettigroup,Contact page: https://michaelmartinettigroup.com/contact-us/,contact_form_only (https://michaelmartinettigroup.com/),"contact_form_only: contact form on the homepage; no chat, WhatsApp or text option in the page code [https://michaelmartinettigroup.com/; homepage check 2026-10-05] | zillow: links to a Zillow profile [https://michaelmartinettigroup.com/; homepage check 2026-10-05] | valuation: home valuation page [https://michaelmartinettigroup.com/; research CSV] | realtrends: listed in RealTrends 2026 team rankings [https://www.realtrends.com/team-profile/michael-martinetti-group-new-jersey-keller-williams/; research CSV]",ok 2026-10-05,"Hi [name], I noticed that, apart from the phone, the main way to reach you on your website is the contact form. I run a small software studio and I'm researching how real estate teams handle new inquiries, especially nights, weekends and Instagram/WhatsApp messages. There's no pitch here; I'd just value your advice for 15 minutes. Would [Tue 4pm] or [Thu 11am] work?",,"Hi [name], just bringing this back up in case it got buried. Even 15 minutes of your perspective would help a lot, and if now is a bad time, no problem at all.",,draft,2026-10-05,Instagram DM @michaelmartinettigroup,2026-10-10,none,,sent | checked 2026-10-05 2:14pm ET (~1.5 h after send): no reply
4,Alta,Oz Group (Joe Oz Real Estate Group),"Montclair (HQ) / Morristown / Asbury Park, NJ (Central NJ (Monmouth) / North NJ)","n/d (recluta en Monmouth, Morris, Essex, Union y Somerset)",Instagram DM,@_ozgroup,Contact page: https://www.ozgroupnj.com/contact-us,zillow_hiring (https://www.glassdoor.com/job-listing/jv?jl=1010272147740),lead_platform: Ylopo [https://www.ozgroupnj.com/; homepage check 2026-10-05] | zillow: mentions Zillow [https://www.ozgroupnj.com/; homepage check 2026-10-05] | zillow_hiring: job posts / recruiting for Zillow Flex leads [https://www.glassdoor.com/job-listing/jv?jl=1010272147740; research CSV],ok 2026-10-05,"Hi [name], I saw your team is hiring agents to work Zillow Flex leads. I run a small software studio and I'm researching how real estate teams handle new inquiries, especially nights, weekends and Instagram/WhatsApp messages. There's no pitch here; I'd just value your advice for 15 minutes. Would [Tue 4pm] or [Thu 11am] work?",,"Hi [name], just bringing this back up in case it got buried. Even 15 minutes of your perspective would help a lot, and if now is a bad time, no problem at all.",,draft,2026-10-05,Instagram DM @_ozgroup,2026-10-10,none,,sent | checked 2026-10-05 2:14pm ET (~1.5 h after send): no reply
5,Alta,The Nunez Group,"Fort Lee, NJ (North NJ (Bergen/Hudson))","14 agentes (HousingWire, 2024); Large team según RealTrends",Contact page,https://www.thenunezgroup.com/contact-us,,lead_platform (https://www.thenunezgroup.com/),lead_platform: Ylopo [https://www.thenunezgroup.com/; homepage check 2026-10-05] | zillow: mentions Zillow [https://www.thenunezgroup.com/; homepage check 2026-10-05] | valuation: home valuation page [https://www.thenunezgroup.com/; research CSV] | realtrends: listed in RealTrends 2026 team rankings [https://www.realtrends.com/team-profile/the-nunez-group-new-jersey-keller-williams/; research CSV],ok 2026-10-05,"Hi [name], I noticed your website is built on Ylopo, so you clearly put real effort into bringing in new inquiries. I run a small software studio and I'm researching how real estate teams handle new inquiries, especially nights, weekends and Instagram/WhatsApp messages. There's no pitch here; I'd just value your advice for 15 minutes. Would [Tue 4pm] or [Thu 11am] work?",,"Hi [name], just bringing this back up in case it got buried. Even 15 minutes of your perspective would help a lot, and if now is a bad time, no problem at all.",,draft,2026-10-05,Contact form thenunezgroup.com/contact-us,2026-10-10,,,sent
6,Alta,Queens Home Team,"East Elmhurst / Jackson Heights, NY (New York metro (Queens))",Medium Team (RealTrends); 8 miembros visibles en web/Zillow,Instagram DM,@queenshometeam,Contact page: https://www.queenshometeam.com/help/,contact_form_only (https://www.queenshometeam.com/),"contact_form_only: contact form on the homepage; no chat, WhatsApp or text option in the page code [https://www.queenshometeam.com/; homepage check 2026-10-05] | spanish_content: homepage mentions Spanish (""Spanish Speaking"") [https://www.queenshometeam.com/; homepage check 2026-10-05] | zillow: links to a Zillow profile [https://www.queenshometeam.com/; homepage check 2026-10-05] | valuation: home valuation page [https://www.queenshometeam.com/; research CSV] | realtrends: listed in RealTrends 2026 team rankings [https://www.realtrends.com/team-profile/queens-home-team-new-york-keller-williams/; research CSV]",ok 2026-10-05,"Hi [name], I noticed that, apart from the phone, the main way to reach you on your website is the contact form. I run a small software studio and I'm researching how real estate teams handle new inquiries, especially nights, weekends and Instagram/WhatsApp messages. There's no pitch here; I'd just value your advice for 15 minutes. Would [Tue 4pm] or [Thu 11am] work?","Hola [nombre], vi que, aparte del teléfono, la forma principal de contactarlos en su web es el formulario. Tengo un pequeño estudio de software y estoy investigando cómo los equipos inmobiliarios manejan las consultas nuevas, sobre todo de noche, los fines de semana y por Instagram o WhatsApp. No le voy a vender nada: solo me serviría mucho su consejo durante 15 minutos. ¿Le queda bien el [mar 4pm] o el [jue 11am]?","Hi [name], just bringing this back up in case it got buried. Even 15 minutes of your perspective would help a lot, and if now is a bad time, no problem at all.","Hola [nombre], le escribo de nuevo por si se le pasó mi mensaje. Aunque sean 15 minutos, su experiencia me ayudaría mucho; y si ahora no es buen momento, no se preocupe.",draft,2026-10-05,Instagram DM @queenshometeam,2026-10-10,"auto-reply only (~1 min, generic)",,"sent; instant generic auto-reply (""thanks for contacting us… we've received your message"") | checked 2026-10-05 2:14pm ET (~1.5 h after send): no human reply"
7,Alta,Rafael Ching Real Estate Team,"Garden City, NY (New York metro (Long Island/Queens))",7 agentes (RealTrends) - Medium Team,Instagram DM,@rafaelchingteam,Website form: https://www.rafaelchingteam.com/,chat_widget (https://www.rafaelchingteam.com/),other_platform: Brivity (PLACE) [https://www.rafaelchingteam.com/; homepage check 2026-10-05] | chat_widget: live chat on the website (per research) [https://www.rafaelchingteam.com/; research CSV] | valuation: home valuation page [https://www.rafaelchingteam.com/; research CSV] | realtrends: listed in RealTrends 2026 team rankings [https://www.realtrends.com/team-profile/rafael-ching-real-estate-team-new-york-keller-williams/; research CSV] | spanish_content: bilingual per research: Sí (se presenta como equipo multilingüe; idiomas concretos n/d) [https://www.rafaelchingteam.com/; research CSV],ok 2026-10-05,"Hi [name], I noticed you offer chat on your website. I run a small software studio and I'm researching how real estate teams handle new inquiries, especially nights, weekends and Instagram/WhatsApp messages. There's no pitch here; I'd just value your advice for 15 minutes. Would [Tue 4pm] or [Thu 11am] work?","Hola [nombre], vi que ofrecen chat en su web. Tengo un pequeño estudio de software y estoy investigando cómo los equipos inmobiliarios manejan las consultas nuevas, sobre todo de noche, los fines de semana y por Instagram o WhatsApp. No le voy a vender nada: solo me serviría mucho su consejo durante 15 minutos. ¿Le queda bien el [mar 4pm] o el [jue 11am]?","Hi [name], just bringing this back up in case it got buried. Even 15 minutes of your perspective would help a lot, and if now is a bad time, no problem at all.","Hola [nombre], le escribo de nuevo por si se le pasó mi mensaje. Aunque sean 15 minutos, su experiencia me ayudaría mucho; y si ahora no es buen momento, no se preocupe.",draft,2026-10-05,Instagram DM @rafaelchingteam,2026-10-10,none,,sent | checked 2026-10-05 2:14pm ET (~1.5 h after send): no reply
8,Alta,The Behfar Team,"Midwood, Brooklyn, NY (New York metro (Brooklyn))","14 agentes (web) / 15 miembros (perfil Zillow, snippet)",Instagram DM,@thebehfarteam,Email: office@thebehfarteam.com | Contact page: https://www.thebehfarteam.com/contact/,whatsapp (https://www.thebehfarteam.com/),"whatsapp: WhatsApp contact link [https://www.thebehfarteam.com/; homepage check 2026-10-05] | zillow: links to a Zillow profile [https://www.thebehfarteam.com/; homepage check 2026-10-05] | office_hours: office hours listed as Mon–Fri 9–5 (per directories) [https://www.thebehfarteam.com/; research CSV] | valuation: home valuation page [https://www.thebehfarteam.com/; research CSV] | spanish_content: bilingual per research: Sí (EN, ES, FR, farsi, hebreo) [https://www.thebehfarteam.com/; research CSV]",ok 2026-10-05,"Hi [name], I noticed you offer WhatsApp as a way to reach the team. I run a small software studio and I'm researching how real estate teams handle new inquiries, especially nights, weekends and Instagram/WhatsApp messages. There's no pitch here; I'd just value your advice for 15 minutes. Would [Tue 4pm] or [Thu 11am] work?","Hola [nombre], vi que ofrecen WhatsApp para contactar al equipo. Tengo un pequeño estudio de software y estoy investigando cómo los equipos inmobiliarios manejan las consultas nuevas, sobre todo de noche, los fines de semana y por Instagram o WhatsApp. No le voy a vender nada: solo me serviría mucho su consejo durante 15 minutos. ¿Le queda bien el [mar 4pm] o el [jue 11am]?","Hi [name], just bringing this back up in case it got buried. Even 15 minutes of your perspective would help a lot, and if now is a bad time, no problem at all.","Hola [nombre], le escribo de nuevo por si se le pasó mi mensaje. Aunque sean 15 minutos, su experiencia me ayudaría mucho; y si ahora no es buen momento, no se preocupe.",draft,2026-10-05,Instagram DM @thebehfarteam,2026-10-10,none,,sent | checked 2026-10-05 2:14pm ET (~1.5 h after send): no reply
9,Alta,The Expansion Team at RE/MAX Edge,"Brooklyn (Bath Ave / Bay Ridge), NY (New York metro (Brooklyn/Queens/Staten Island))",6 agentes (RealTrends) - Medium Team,Instagram DM,@expansionteamnyc,Email: info@expansionteamnyc.com | Contact page: https://expansionteamnyc.com/contact/,zillow (https://expansionteamnyc.com/),"sms: ""call or text"" on the homepage [https://expansionteamnyc.com/; homepage check 2026-10-05] | zillow: links to a Zillow profile [https://expansionteamnyc.com/; homepage check 2026-10-05] | valuation: home valuation page [https://expansionteamnyc.com/; research CSV] | realtrends: listed in RealTrends 2026 team rankings [https://www.realtrends.com/team-profile/the-expansion-team-new-york-remax-edge/; research CSV]",ok 2026-10-05,"Hi [name], I saw your team presents itself as a Zillow Premier Agent. I run a small software studio and I'm researching how real estate teams handle new inquiries, especially nights, weekends and Instagram/WhatsApp messages. There's no pitch here; I'd just value your advice for 15 minutes. Would [Tue 4pm] or [Thu 11am] work?",,"Hi [name], just bringing this back up in case it got buried. Even 15 minutes of your perspective would help a lot, and if now is a bad time, no problem at all.",,draft,2026-10-05,Instagram DM @expansionteamnyc,2026-10-10,none,,sent | checked 2026-10-05 2:14pm ET (~1.5 h after send): unread; Instagram auto-tagged the chat as a lead on their side
10,Alta,Hammond Homes (Michael Hammond Jr.),"Collegeville (Montgomery) / Reading, PA (Greater Philadelphia (suburbios))","Medium (6–10, RealTrends); 7 agentes en web",Instagram DM,@michaelhammondjr,Contact page: https://hammond-homes.com/contact-us/,zillow_hiring (https://tallo.com/talent/job/sales/real-estate-agent-or-broker/pa/west-chester/zillow-preferred-flex-real-e-4ac5824a),"spanish_content: homepage mentions Spanish (""Spanish"") [https://hammond-homes.com/; homepage check 2026-10-05] | lead_platform: Ylopo [https://hammond-homes.com/; homepage check 2026-10-05] | zillow_hiring: job posts / recruiting for Zillow Preferred leads [https://tallo.com/talent/job/sales/real-estate-agent-or-broker/pa/west-chester/zillow-preferred-flex-real-e-4ac5824a; research CSV] | valuation: home valuation page [https://hammond-homes.com/; research CSV] | realtrends: listed in RealTrends 2026 team rankings [https://www.realtrends.com/team-profile/hammond-homes-pennsylvania-keller-williams/; research CSV]",ok 2026-10-05,"Hi [name], I saw your team is hiring agents to work Zillow Preferred leads. I run a small software studio and I'm researching how real estate teams handle new inquiries, especially nights, weekends and Instagram/WhatsApp messages. There's no pitch here; I'd just value your advice for 15 minutes. Would [Tue 4pm] or [Thu 11am] work?","Hola [nombre], vi que su equipo está contratando agentes para atender leads de Zillow Preferred. Tengo un pequeño estudio de software y estoy investigando cómo los equipos inmobiliarios manejan las consultas nuevas, sobre todo de noche, los fines de semana y por Instagram o WhatsApp. No le voy a vender nada: solo me serviría mucho su consejo durante 15 minutos. ¿Le queda bien el [mar 4pm] o el [jue 11am]?","Hi [name], just bringing this back up in case it got buried. Even 15 minutes of your perspective would help a lot, and if now is a bad time, no problem at all.","Hola [nombre], le escribo de nuevo por si se le pasó mi mensaje. Aunque sean 15 minutos, su experiencia me ayudaría mucho; y si ahora no es buen momento, no se preocupe.",sent,2026-10-05,contact form (sent by Víctor; thank-you page confirmed),2026-10-10,none,,"PENDING: filled, needs Víctor to solve reCAPTCHA and submit | phone follow-up: call script in docs/sales/realtor-lead-response.md"
11,Alta,Premier Home Team,"Philadelphia, PA (Greater Philadelphia)","Large (11–20 agentes, categoría RealTrends)",Instagram DM,@premier.home.team,Contact page: https://www.premierhometeam.com/connect,chat_widget (https://www.premierhometeam.com/),other_platform: Brivity (PLACE) [https://www.premierhometeam.com/; homepage check 2026-10-05] | chat_widget: live chat on the website (per research) [https://www.premierhometeam.com/; research CSV] | join_leads: join/careers page talks about providing leads to agents [https://www.premierhometeam.com/careers; research CSV] | realtrends: listed in RealTrends 2026 team rankings [https://www.realtrends.com/team-profile/premier-home-team-pennsylvania-keller-williams/; research CSV],ok 2026-10-05,"Hi [name], I noticed you offer chat on your website. I run a small software studio and I'm researching how real estate teams handle new inquiries, especially nights, weekends and Instagram/WhatsApp messages. There's no pitch here; I'd just value your advice for 15 minutes. Would [Tue 4pm] or [Thu 11am] work?",,"Hi [name], just bringing this back up in case it got buried. Even 15 minutes of your perspective would help a lot, and if now is a bad time, no problem at all.",,draft,2026-10-05,Instagram DM @premier.home.team,2026-10-10,"auto-reply only (~1 min, generic)",,"sent; instant generic auto-reply (""thanks for contacting us… we've received your message"") | checked 2026-10-05 2:14pm ET (~1.5 h after send): no human reply"
12,Alta,The Chris Lawlor Team,"Easton / Bethlehem, PA (Lehigh Valley)",Large; 11 agentes (RealTrends),Website form,https://chrislawlorteam.com/,,zillow_hiring (https://www.indeed.com/viewjob?jk=874df9bd47461d03),"contact_form_only: contact form on the homepage; no chat, WhatsApp or text option in the page code [https://chrislawlorteam.com/; homepage check 2026-10-05] | zillow: mentions Zillow [https://chrislawlorteam.com/; homepage check 2026-10-05] | zillow_hiring: job posts / recruiting for Zillow Flex leads [https://www.indeed.com/viewjob?jk=874df9bd47461d03; research CSV] | valuation: home valuation page [https://chrislawlorteam.com/; research CSV] | realtrends: listed in RealTrends 2026 team rankings [https://www.realtrends.com/team-profile/the-chris-lawlor-team-pennsylvania-coldwell-banker-hearthside/; research CSV]",ok 2026-10-05,"Hi [name], I saw your team is hiring agents to work Zillow Flex leads. I run a small software studio and I'm researching how real estate teams handle new inquiries, especially nights, weekends and Instagram/WhatsApp messages. There's no pitch here; I'd just value your advice for 15 minutes. Would [Tue 4pm] or [Thu 11am] work?",,"Hi [name], just bringing this back up in case it got buried. Even 15 minutes of your perspective would help a lot, and if now is a bad time, no problem at all.",,draft,2026-10-05,Contact form chrislawlorteam.com/contact,2026-10-10,,,sent
13,Alta,The DiCicco Team (Anthony DiCicco),"Newtown, PA (Greater Philadelphia (Bucks))",Medium/Small (n/d exacto),Contact page,https://diciccosells.com/contact/,,zillow (https://diciccosells.com/),zillow: mentions Zillow Premier Agent [https://diciccosells.com/; homepage check 2026-10-05] | valuation: home valuation page [https://diciccosells.com/; research CSV] | realtrends: listed in RealTrends 2026 team rankings [https://www.realtrends.com/team-profile/dicicco-team-pennsylvania-keller-williams/; research CSV],ok 2026-10-05,"Hi [name], I saw your team presents itself as a Zillow Premier Agent. I run a small software studio and I'm researching how real estate teams handle new inquiries, especially nights, weekends and Instagram/WhatsApp messages. There's no pitch here; I'd just value your advice for 15 minutes. Would [Tue 4pm] or [Thu 11am] work?",,"Hi [name], just bringing this back up in case it got buried. Even 15 minutes of your perspective would help a lot, and if now is a bad time, no problem at all.",,sent,2026-10-05,contact form (sent by Víctor),2026-10-10,none,,"PENDING: filled, needs Víctor to solve reCAPTCHA and submit | phone follow-up: call script in docs/sales/realtor-lead-response.md"
14,Media,Betancurth Real Estate Group,"Bayonne / Fairfield, NJ (North NJ (Hudson))",Large team según RealTrends (11-20); el sitio muestra 5 agentes,Contact page,https://bregrealty.com/,,no_spanish (https://bregrealty.com/),valuation: home valuation page [https://bregrealty.com/; research CSV] | realtrends: listed in RealTrends 2026 team rankings [https://www.realtrends.com/team-profile/betancurth-real-estate-group-new-jersey-the-real-brokerage-inc/; research CSV],ok 2026-10-05,"Hi [name], I noticed your homepage is English-only even though you work in Bayonne, and I'm curious how Spanish-speaking inquiries get handled. I run a small software studio and I'm researching how real estate teams handle new inquiries, especially nights, weekends and Instagram/WhatsApp messages. There's no pitch here; I'd just value your advice for 15 minutes. Would [Tue 4pm] or [Thu 11am] work?",,"Hi [name], just bringing this back up in case it got buried. Even 15 minutes of your perspective would help a lot, and if now is a bad time, no problem at all.",,sent,2026-10-05,contact form (sent by Víctor),2026-10-10,none,,NOT SENT: form requires buyer/seller answers; send by email instead | phone follow-up: call script in docs/sales/realtor-lead-response.md
15,Media,Gruosso Group,"Shrewsbury, NJ (Central NJ (Monmouth))",Medium team según RealTrends (6-10 agentes),Instagram DM,@gruossogroup,Contact page: https://www.gruossogroup.com/contact,join_leads (https://www.gruossogroup.com/join),join_leads: join/careers page talks about providing leads to agents [https://www.gruossogroup.com/join; research CSV] | realtrends: listed in RealTrends 2026 team rankings [https://www.realtrends.com/team-profile/gruosso-group-new-jersey-keller-williams/; research CSV],ok 2026-10-05,"Hi [name], I saw on your join page that lead generation is a big part of how the team works. I run a small software studio and I'm researching how real estate teams handle new inquiries, especially nights, weekends and Instagram/WhatsApp messages. There's no pitch here; I'd just value your advice for 15 minutes. Would [Tue 4pm] or [Thu 11am] work?",,"Hi [name], just bringing this back up in case it got buried. Even 15 minutes of your perspective would help a lot, and if now is a bad time, no problem at all.",,draft,2026-10-05,Instagram DM @gruossogroup,2026-10-10,none,,sent | checked 2026-10-05 2:14pm ET (~1.5 h after send): unread; Instagram auto-tagged the chat as a lead on their side
16,Media,Holmquist Group powered by PLACE,"Morristown, NJ (North NJ (Morris))",Medium team según RealTrends (6-10 agentes),Instagram DM,@theholmquistteam,Contact page: https://www.holmquistgroup.com/connect,other_platform (https://www.holmquistgroup.com/),other_platform: Brivity (PLACE) [https://www.holmquistgroup.com/; homepage check 2026-10-05] | join_leads: join/careers page talks about providing leads to agents [https://www.holmquistgroup.com/careers; research CSV] | realtrends: listed in RealTrends 2026 team rankings [https://www.realtrends.com/team-profile/holmquist-group-powered-by-place-new-jersey-keller-williams/; research CSV],ok 2026-10-05,"Hi [name], I saw your team is powered by PLACE. I run a small software studio and I'm researching how real estate teams handle new inquiries, especially nights, weekends and Instagram/WhatsApp messages. There's no pitch here; I'd just value your advice for 15 minutes. Would [Tue 4pm] or [Thu 11am] work?",,"Hi [name], just bringing this back up in case it got buried. Even 15 minutes of your perspective would help a lot, and if now is a bad time, no problem at all.",,draft,,,,,,
17,Media,Links Residential,"Bergenfield / Montclair, NJ (North NJ (Bergen/Passaic/Hudson))",Large team según RealTrends (11-20 agentes),Instagram DM,@linksnj,Website form: https://linksnj.com/,contact_form_only (https://linksnj.com/),"contact_form_only: contact form on the homepage; no chat, WhatsApp or text option in the page code [https://linksnj.com/; homepage check 2026-10-05] | other_platform: Luxury Presence [https://linksnj.com/; homepage check 2026-10-05] | zillow: links to a Zillow profile [https://linksnj.com/; homepage check 2026-10-05] | valuation: home valuation page [https://linksnj.com/; research CSV] | realtrends: listed in RealTrends 2026 team rankings [https://www.realtrends.com/team-profile/links-residential-new-jersey-exp-realty/; research CSV]",ok 2026-10-05,"Hi [name], I noticed that, apart from the phone, the main way to reach you on your website is the contact form. I run a small software studio and I'm researching how real estate teams handle new inquiries, especially nights, weekends and Instagram/WhatsApp messages. There's no pitch here; I'd just value your advice for 15 minutes. Would [Tue 4pm] or [Thu 11am] work?",,"Hi [name], just bringing this back up in case it got buried. Even 15 minutes of your perspective would help a lot, and if now is a bad time, no problem at all.",,draft,,,,,,
18,Media,Michael Tejada Real Estate Team (Tejada Team),"Montclair, NJ (North NJ (Essex/Union))",Medium team según RealTrends (6-10 agentes),Contact page,https://tejadateam.com/contact,,lead_platform (https://tejadateam.com/),lead_platform: Lofty (per research) [https://tejadateam.com/; research CSV] | zillow: Zillow profile linked (per research) [https://www.realtrends.com/team-profile/michael-tejada-real-estate-team-new-jersey-remax-select/; research CSV] | valuation: home valuation page [https://tejadateam.com/; research CSV] | realtrends: listed in RealTrends 2026 team rankings [https://www.realtrends.com/team-profile/michael-tejada-real-estate-team-new-jersey-remax-select/; research CSV],ok 2026-10-05,"Hi [name], I noticed your website is built on Lofty, so you clearly put real effort into bringing in new inquiries. I run a small software studio and I'm researching how real estate teams handle new inquiries, especially nights, weekends and Instagram/WhatsApp messages. There's no pitch here; I'd just value your advice for 15 minutes. Would [Tue 4pm] or [Thu 11am] work?",,"Hi [name], just bringing this back up in case it got buried. Even 15 minutes of your perspective would help a lot, and if now is a bad time, no problem at all.",,draft,,,,,,
19,Media,NJ Property Experts,"Westfield, NJ (Central NJ (Union))",12 agentes (RealTrends); Large team,Instagram DM,@njpropertyexperts,Contact page: https://www.coldwellbankerhomes.com/nj/westfield/team/the-lisa-stafford-team/tid_1400/,zillow (https://www.realtrends.com/team-profile/nj-property-experts-new-jersey-coldwell-banker-realty/),zillow: Zillow profile linked (per research) [https://www.realtrends.com/team-profile/nj-property-experts-new-jersey-coldwell-banker-realty/; research CSV] | valuation: home valuation page [https://www.coldwellbankerhomes.com/nj/westfield/team/the-lisa-stafford-team/tid_1400/; research CSV] | realtrends: listed in RealTrends 2026 team rankings [https://www.realtrends.com/team-profile/nj-property-experts-new-jersey-coldwell-banker-realty/; research CSV],"skipped (brokerage portal or social site, not fetched) 2026-10-05","Hi [name], I came across your team on Zillow. I run a small software studio and I'm researching how real estate teams handle new inquiries, especially nights, weekends and Instagram/WhatsApp messages. There's no pitch here; I'd just value your advice for 15 minutes. Would [Tue 4pm] or [Thu 11am] work?",,"Hi [name], just bringing this back up in case it got buried. Even 15 minutes of your perspective would help a lot, and if now is a bad time, no problem at all.",,draft,,,,,,
20,Media,The Destination NJ Home Selling Team,"Hillsborough, NJ (Central NJ (Somerset/Middlesex))",Medium team según RealTrends (6-10 agentes),Instagram DM,@destination.nj,Contact page: https://www.destinationnj.com/contact,chat_widget (https://destinationnj.com/),zillow: mentions Zillow [https://destinationnj.com/; homepage check 2026-10-05] | chat_widget: chat widget (LeadConnector) in the page code [https://destinationnj.com/; homepage check 2026-10-05] | valuation: home valuation page [https://www.destinationnj.com; research CSV] | realtrends: listed in RealTrends 2026 team rankings [https://www.realtrends.com/team-profile/the-destination-nj-home-selling-team-new-jersey-remax-supreme-the-destination-nj-home-selling-team/; research CSV],ok 2026-10-05,"Hi [name], I noticed you offer chat on your website. I run a small software studio and I'm researching how real estate teams handle new inquiries, especially nights, weekends and Instagram/WhatsApp messages. There's no pitch here; I'd just value your advice for 15 minutes. Would [Tue 4pm] or [Thu 11am] work?",,"Hi [name], just bringing this back up in case it got buried. Even 15 minutes of your perspective would help a lot, and if now is a bad time, no problem at all.",,draft,,,,,,
21,Media,The Parlay Group,"Ridgewood / Secaucus, NJ (North NJ (Bergen/Hudson))",12 agentes + 2 staff (HousingWire); Large team según RealTrends,Instagram DM,@theparlaygroupre,Contact page: https://theparlaygroupre.com/contact,contact_form_only (https://theparlaygroupre.com/),"contact_form_only: contact form on the homepage; no chat, WhatsApp or text option in the page code [https://theparlaygroupre.com/; homepage check 2026-10-05] | other_platform: Luxury Presence [https://theparlaygroupre.com/; homepage check 2026-10-05] | zillow: links to a Zillow profile [https://theparlaygroupre.com/; homepage check 2026-10-05] | valuation: home valuation page [https://theparlaygroupre.com/; research CSV] | realtrends: listed in RealTrends 2026 team rankings [https://www.realtrends.com/team-profile/the-parlay-group-new-jersey-keller-williams/; research CSV]",ok 2026-10-05,"Hi [name], I noticed that, apart from the phone, the main way to reach you on your website is the contact form. I run a small software studio and I'm researching how real estate teams handle new inquiries, especially nights, weekends and Instagram/WhatsApp messages. There's no pitch here; I'd just value your advice for 15 minutes. Would [Tue 4pm] or [Thu 11am] work?",,"Hi [name], just bringing this back up in case it got buried. Even 15 minutes of your perspective would help a lot, and if now is a bad time, no problem at all.",,draft,,,,,,
22,Media,Jamie Realty Group (Jamie Zheng Team),"Flushing, NY (New York metro (Queens))",n/d,Instagram DM,@jamierealtor_ny,Contact page: https://www.jamierealtygroup.com/contact.html,contact_form_only (https://www.jamierealtygroup.com/),"contact_form_only: contact form on the homepage; no chat, WhatsApp or text option in the page code [https://www.jamierealtygroup.com/; homepage check 2026-10-05] | spanish_content: homepage mentions Spanish (""Spanish"") [https://www.jamierealtygroup.com/; homepage check 2026-10-05] | zillow: links to a Zillow profile [https://www.jamierealtygroup.com/; homepage check 2026-10-05]",ok 2026-10-05,"Hi [name], I noticed that, apart from the phone, the main way to reach you on your website is the contact form. I run a small software studio and I'm researching how real estate teams handle new inquiries, especially nights, weekends and Instagram/WhatsApp messages. There's no pitch here; I'd just value your advice for 15 minutes. Would [Tue 4pm] or [Thu 11am] work?","Hola [nombre], vi que, aparte del teléfono, la forma principal de contactarlos en su web es el formulario. Tengo un pequeño estudio de software y estoy investigando cómo los equipos inmobiliarios manejan las consultas nuevas, sobre todo de noche, los fines de semana y por Instagram o WhatsApp. No le voy a vender nada: solo me serviría mucho su consejo durante 15 minutos. ¿Le queda bien el [mar 4pm] o el [jue 11am]?","Hi [name], just bringing this back up in case it got buried. Even 15 minutes of your perspective would help a lot, and if now is a bad time, no problem at all.","Hola [nombre], le escribo de nuevo por si se le pasó mi mensaje. Aunque sean 15 minutos, su experiencia me ayudaría mucho; y si ahora no es buen momento, no se preocupe.",draft,,,,,,
23,Media,Melanie Kishk Century 21 Team,"Brooklyn (Avenue P), NY (New York metro (Brooklyn))",n/d,Contact page,https://www.century21.com/real-estate-agent/profile/melanie-kishk-P25405999,,zillow (https://www.zillow.com/profile/melaniekishk),"zillow: team profile with reviews on Zillow (per research) [https://www.zillow.com/profile/melaniekishk; research CSV] | realtrends: listed in RealTrends 2026 team rankings [https://www.realtrends.com/agent-profile/melanie-kishk-new-york/; research CSV] | spanish_content: bilingual per research: Sí (EN, hebreo, español) [n/d; research CSV]",no website in CSV 2026-10-05,"Hi [name], I came across your team's reviews on Zillow. I run a small software studio and I'm researching how real estate teams handle new inquiries, especially nights, weekends and Instagram/WhatsApp messages. There's no pitch here; I'd just value your advice for 15 minutes. Would [Tue 4pm] or [Thu 11am] work?","Hola [nombre], vi las reseñas de su equipo en Zillow. Tengo un pequeño estudio de software y estoy investigando cómo los equipos inmobiliarios manejan las consultas nuevas, sobre todo de noche, los fines de semana y por Instagram o WhatsApp. No le voy a vender nada: solo me serviría mucho su consejo durante 15 minutos. ¿Le queda bien el [mar 4pm] o el [jue 11am]?","Hi [name], just bringing this back up in case it got buried. Even 15 minutes of your perspective would help a lot, and if now is a bad time, no problem at all.","Hola [nombre], le escribo de nuevo por si se le pasó mi mensaje. Aunque sean 15 minutos, su experiencia me ayudaría mucho; y si ahora no es buen momento, no se preocupe.",draft,,,,,,
24,Media,The Byrne Homes Team,"White Plains, NY (New York metro (Westchester))",5-6 agentes (RealTrends),Website form,https://www.westchestercountyresidences.com/,,lead_platform (https://www.westchestercountyresidences.com/),"office_hours: ""Office Hours Monday - 9 am-8 pm Tuesday - 9 am-8 pm Wednesday - 9 am-8 pm Thursday - 9 am-"" [https://www.westchestercountyresidences.com/; homepage check 2026-10-05] | lead_platform: Ylopo [https://www.westchestercountyresidences.com/; homepage check 2026-10-05] | zillow: mentions Zillow [https://www.westchestercountyresidences.com/; homepage check 2026-10-05] | realtrends: listed in RealTrends 2026 team rankings [https://www.realtrends.com/team-profile/the-byrne-homes-team-new-york-christie-s-int-l-real-estate-group/; research CSV]",ok 2026-10-05,"Hi [name], I noticed your website is built on Ylopo, so you clearly put real effort into bringing in new inquiries. I run a small software studio and I'm researching how real estate teams handle new inquiries, especially nights, weekends and Instagram/WhatsApp messages. There's no pitch here; I'd just value your advice for 15 minutes. Would [Tue 4pm] or [Thu 11am] work?",,"Hi [name], just bringing this back up in case it got buried. Even 15 minutes of your perspective would help a lot, and if now is a bad time, no problem at all.",,draft,,,,,,
25,Media,The Debbie Carpluk Team,"Massapequa / East Islip, NY (New York metro (Long Island))",Large Team (RealTrends; nº exacto n/d),Instagram DM,@thecarplukteam,Contact page: https://www.carplukteam.com/contact,realtrends (https://www.realtrends.com/team-profile/the-debbie-carpluk-team-new-york-keller-williams/),realtrends: listed in RealTrends 2026 team rankings [https://www.realtrends.com/team-profile/the-debbie-carpluk-team-new-york-keller-williams/; research CSV],ok 2026-10-05,"Hi [name], I came across your team on the RealTrends 2026 rankings for NY. I run a small software studio and I'm researching how real estate teams handle new inquiries, especially nights, weekends and Instagram/WhatsApp messages. There's no pitch here; I'd just value your advice for 15 minutes. Would [Tue 4pm] or [Thu 11am] work?",,"Hi [name], just bringing this back up in case it got buried. Even 15 minutes of your perspective would help a lot, and if now is a bad time, no problem at all.",,draft,,,,,,
26,Media,The Evans Llorens (Barriga) Team,"Bayside, NY (New York metro (Queens))",6 (RealTrends) / 10 (bio Elliman),Website form,https://www.elliman.com/real-estate-agent/steven-llorens/22997,,zillow (https://www.realtrends.com/team-profile/the-evans-llorens-team-new-york-douglas-elliman/),"zillow: Zillow profile linked (per research) [https://www.realtrends.com/team-profile/the-evans-llorens-team-new-york-douglas-elliman/; research CSV] | realtrends: listed in RealTrends 2026 team rankings [https://www.realtrends.com/team-profile/the-evans-llorens-team-new-york-douglas-elliman/; research CSV] | spanish_content: bilingual per research: Sí ('multicultural', idiomas n/d) [https://www.elliman.com/real-estate-agent/steven-llorens/22997; research CSV]","skipped (brokerage portal or social site, not fetched) 2026-10-05","Hi [name], I came across your team on Zillow. I run a small software studio and I'm researching how real estate teams handle new inquiries, especially nights, weekends and Instagram/WhatsApp messages. There's no pitch here; I'd just value your advice for 15 minutes. Would [Tue 4pm] or [Thu 11am] work?","Hola [nombre], vi a su equipo en Zillow. Tengo un pequeño estudio de software y estoy investigando cómo los equipos inmobiliarios manejan las consultas nuevas, sobre todo de noche, los fines de semana y por Instagram o WhatsApp. No le voy a vender nada: solo me serviría mucho su consejo durante 15 minutos. ¿Le queda bien el [mar 4pm] o el [jue 11am]?","Hi [name], just bringing this back up in case it got buried. Even 15 minutes of your perspective would help a lot, and if now is a bad time, no problem at all.","Hola [nombre], le escribo de nuevo por si se le pasó mi mensaje. Aunque sean 15 minutos, su experiencia me ayudaría mucho; y si ahora no es buen momento, no se preocupe.",draft,,,,,,
27,Media,The Galluzzo Team,"Dix Hills (Suffolk), NY (New York metro (Long Island))",4 (web) - Small Team (RealTrends),Instagram DM,@thegalluzzoteam_longislandny,Website form: https://galluzzoteam.com/,contact_form_only (https://galluzzoteam.com/),"contact_form_only: contact form on the homepage; no chat, WhatsApp or text option in the page code [https://galluzzoteam.com/; homepage check 2026-10-05] | other_platform: Luxury Presence [https://galluzzoteam.com/; homepage check 2026-10-05] | valuation: home valuation page [https://galluzzoteam.com/; research CSV] | realtrends: listed in RealTrends 2026 team rankings [https://www.realtrends.com/team-profile/the-galluzzo-team-new-york-compass/; research CSV]",ok 2026-10-05,"Hi [name], I noticed that, apart from the phone, the main way to reach you on your website is the contact form. I run a small software studio and I'm researching how real estate teams handle new inquiries, especially nights, weekends and Instagram/WhatsApp messages. There's no pitch here; I'd just value your advice for 15 minutes. Would [Tue 4pm] or [Thu 11am] work?",,"Hi [name], just bringing this back up in case it got buried. Even 15 minutes of your perspective would help a lot, and if now is a bad time, no problem at all.",,draft,,,,,,
28,Media,The Goldbar Team (Juan Barreneche),"Long Island City, Queens, NY (New York metro (Queens/Long Island))",n/d,Instagram DM,@goldbarluxuryhomes,Instagram DM: @latinoagent | Website form: https://www.goldbarteam.com/,zillow (https://www.zillow.com/profile/goldbarteam),zillow: Zillow profile linked (per research) [https://www.zillow.com/profile/goldbarteam; research CSV] | join_leads: join/careers page talks about providing leads to agents [https://www.joingoldbar.com/; research CSV] | spanish_content: bilingual per research: Sí (líder es presidente de NAHREP Queens; marca @latinoagent) [https://www.goldbarteam.com/ (redirige a joingoldbar.com); research CSV],ok 2026-10-05,"Hi [name], I came across your team on Zillow. I run a small software studio and I'm researching how real estate teams handle new inquiries, especially nights, weekends and Instagram/WhatsApp messages. There's no pitch here; I'd just value your advice for 15 minutes. Would [Tue 4pm] or [Thu 11am] work?","Hola [nombre], vi a su equipo en Zillow. Tengo un pequeño estudio de software y estoy investigando cómo los equipos inmobiliarios manejan las consultas nuevas, sobre todo de noche, los fines de semana y por Instagram o WhatsApp. No le voy a vender nada: solo me serviría mucho su consejo durante 15 minutos. ¿Le queda bien el [mar 4pm] o el [jue 11am]?","Hi [name], just bringing this back up in case it got buried. Even 15 minutes of your perspective would help a lot, and if now is a bad time, no problem at all.","Hola [nombre], le escribo de nuevo por si se le pasó mi mensaje. Aunque sean 15 minutos, su experiencia me ayudaría mucho; y si ahora no es buen momento, no se preocupe.",draft,,,,,,
29,Media,The Tony Murphy Sales Team,"Yonkers, NY (New York metro (Westchester/Bronx))",n/d,Website form,https://www.houlihanlawrence.com/bio/thetonymurphysalesteam,,zillow (https://www.zillow.com/profile/tmurphyrealtor),zillow: Zillow profile linked (per research) [https://www.zillow.com/profile/tmurphyrealtor; research CSV],"skipped (brokerage portal or social site, not fetched) 2026-10-05","Hi [name], I came across your team on Zillow. I run a small software studio and I'm researching how real estate teams handle new inquiries, especially nights, weekends and Instagram/WhatsApp messages. There's no pitch here; I'd just value your advice for 15 minutes. Would [Tue 4pm] or [Thu 11am] work?",,"Hi [name], just bringing this back up in case it got buried. Even 15 minutes of your perspective would help a lot, and if now is a bad time, no problem at all.",,draft,,,,,,
30,Media,The Zappulla Team,"New Dorp, Staten Island, NY (New York metro (Staten Island))",n/d (equipo familiar),Facebook page message,https://www.facebook.com/ZappullaTeam/,,zillow (https://www.zillow.com/profile/PZappulla2013),zillow: team profile with reviews on Zillow (per research) [https://www.zillow.com/profile/PZappulla2013; research CSV],no website in CSV 2026-10-05,"Hi [name], I came across your team's reviews on Zillow. I run a small software studio and I'm researching how real estate teams handle new inquiries, especially nights, weekends and Instagram/WhatsApp messages. There's no pitch here; I'd just value your advice for 15 minutes. Would [Tue 4pm] or [Thu 11am] work?",,"Hi [name], just bringing this back up in case it got buried. Even 15 minutes of your perspective would help a lot, and if now is a bad time, no problem at all.",,draft,,,,,,
31,Media,Jason Rodriguez Realty Team,"Philadelphia (NE Philly), PA (Greater Philadelphia)",Small; 2 agentes (RealTrends),Website form,https://www.jasonrodriguezteam.com/,,realtrends (https://www.realtrends.com/team-profile/jason-rodriguez-realty-team-pennsylvania-remax-affiliates/),realtrends: listed in RealTrends 2026 team rankings [https://www.realtrends.com/team-profile/jason-rodriguez-realty-team-pennsylvania-remax-affiliates/; research CSV] | spanish_content: bilingual per research: Sí (español y portugués) [https://www.jasonrodriguezteam.com/; research CSV],blocked (HTTP 403) 2026-10-05,"Hi [name], I came across your team on the RealTrends 2026 rankings for PA. I run a small software studio and I'm researching how real estate teams handle new inquiries, especially nights, weekends and Instagram/WhatsApp messages. There's no pitch here; I'd just value your advice for 15 minutes. Would [Tue 4pm] or [Thu 11am] work?","Hola [nombre], vi a su equipo en los rankings de RealTrends 2026 de PA. Tengo un pequeño estudio de software y estoy investigando cómo los equipos inmobiliarios manejan las consultas nuevas, sobre todo de noche, los fines de semana y por Instagram o WhatsApp. No le voy a vender nada: solo me serviría mucho su consejo durante 15 minutos. ¿Le queda bien el [mar 4pm] o el [jue 11am]?","Hi [name], just bringing this back up in case it got buried. Even 15 minutes of your perspective would help a lot, and if now is a bad time, no problem at all.","Hola [nombre], le escribo de nuevo por si se le pasó mi mensaje. Aunque sean 15 minutos, su experiencia me ayudaría mucho; y si ahora no es buen momento, no se preocupe.",draft,,,,,,
32,Media,Philly Home Girls,"Philadelphia, PA (Greater Philadelphia)",Large; 16 agentes (RealTrends),Instagram DM,@phillyhomegirls,Contact page: https://www.phillyhomegirls.com/contact-us,no_spanish (https://www.phillyhomegirls.com/),valuation: home valuation page [https://www.phillyhomegirls.com/; research CSV] | realtrends: listed in RealTrends 2026 team rankings [https://www.realtrends.com/team-profile/philly-home-girls-pennsylvania-elfant-wissahickon-realtors/; research CSV],ok 2026-10-05,"Hi [name], I noticed your homepage is English-only even though you work in Philadelphia, and I'm curious how Spanish-speaking inquiries get handled. I run a small software studio and I'm researching how real estate teams handle new inquiries, especially nights, weekends and Instagram/WhatsApp messages. There's no pitch here; I'd just value your advice for 15 minutes. Would [Tue 4pm] or [Thu 11am] work?",,"Hi [name], just bringing this back up in case it got buried. Even 15 minutes of your perspective would help a lot, and if now is a bad time, no problem at all.",,draft,,,,,,
33,Media,The Eric Leadbetter Team,"Bethlehem, PA (Lehigh Valley)",Large; 15 agentes (RealTrends),Instagram DM,@theericleadbetterteam,Contact page: https://theericleadbetterteam.com/contact/,zillow (https://www.realtrends.com/team-profile/the-eric-leadbetter-team-pennsylvania-coldwell-banker-hearthside/),zillow: team profile with reviews on Zillow (per research) [https://www.realtrends.com/team-profile/the-eric-leadbetter-team-pennsylvania-coldwell-banker-hearthside/; research CSV] | valuation: home valuation page [https://theericleadbetterteam.com/; research CSV] | realtrends: listed in RealTrends 2026 team rankings [https://www.realtrends.com/team-profile/the-eric-leadbetter-team-pennsylvania-coldwell-banker-hearthside/; research CSV],blocked (HTTP 403) 2026-10-05,"Hi [name], I came across your team's reviews on Zillow. I run a small software studio and I'm researching how real estate teams handle new inquiries, especially nights, weekends and Instagram/WhatsApp messages. There's no pitch here; I'd just value your advice for 15 minutes. Would [Tue 4pm] or [Thu 11am] work?",,"Hi [name], just bringing this back up in case it got buried. Even 15 minutes of your perspective would help a lot, and if now is a bad time, no problem at all.",,draft,,,,,,
34,Media,The Rosa Ylonka Perez Team,"Allentown, PA (Lehigh Valley)","Large (11–20, categoría RealTrends)",Contact page,https://rosaylonkaperez.ironvalleyrealestate.com/,,realtrends (https://www.realtrends.com/team-profile/the-rosa-ylonka-perez-team-pennsylvania-iron-valley-real-estate-of-lehigh-valley/),realtrends: listed in RealTrends 2026 team rankings [https://www.realtrends.com/team-profile/the-rosa-ylonka-perez-team-pennsylvania-iron-valley-real-estate-of-lehigh-valley/; research CSV] | spanish_content: bilingual per research: Sí (español) [https://rosaylonkaperez.ironvalleyrealestate.com/; research CSV],blocked (HTTP 403) 2026-10-05,"Hi [name], I came across your team on the RealTrends 2026 rankings for PA. I run a small software studio and I'm researching how real estate teams handle new inquiries, especially nights, weekends and Instagram/WhatsApp messages. There's no pitch here; I'd just value your advice for 15 minutes. Would [Tue 4pm] or [Thu 11am] work?","Hola [nombre], vi a su equipo en los rankings de RealTrends 2026 de PA. Tengo un pequeño estudio de software y estoy investigando cómo los equipos inmobiliarios manejan las consultas nuevas, sobre todo de noche, los fines de semana y por Instagram o WhatsApp. No le voy a vender nada: solo me serviría mucho su consejo durante 15 minutos. ¿Le queda bien el [mar 4pm] o el [jue 11am]?","Hi [name], just bringing this back up in case it got buried. Even 15 minutes of your perspective would help a lot, and if now is a bad time, no problem at all.","Hola [nombre], le escribo de nuevo por si se le pasó mi mensaje. Aunque sean 15 minutos, su experiencia me ayudaría mucho; y si ahora no es buen momento, no se preocupe.",draft,,,,,,
35,Media,Venture Philly Group,"Philadelphia, PA (Greater Philadelphia)",Large; 19 agentes (RealTrends),Instagram DM,@venturephilly,Contact page: https://www.venturephilly.com/contact-us-2/,no_spanish (https://www.venturephilly.com/),"contact_form_only: contact form on the homepage; no chat, WhatsApp or text option in the page code [https://www.venturephilly.com/; homepage check 2026-10-05] | zillow: mentions Zillow [https://www.venturephilly.com/; homepage check 2026-10-05] | join_leads: join/careers page talks about providing leads to agents [https://www.venturephilly.com/join-our-team; research CSV] | realtrends: listed in RealTrends 2026 team rankings [https://www.realtrends.com/team-profile/venture-philly-pennsylvania-keller-williams/; research CSV]",ok 2026-10-05,"Hi [name], I noticed your homepage is English-only even though you work in Philadelphia, and I'm curious how Spanish-speaking inquiries get handled. I run a small software studio and I'm researching how real estate teams handle new inquiries, especially nights, weekends and Instagram/WhatsApp messages. There's no pitch here; I'd just value your advice for 15 minutes. Would [Tue 4pm] or [Thu 11am] work?",,"Hi [name], just bringing this back up in case it got buried. Even 15 minutes of your perspective would help a lot, and if now is a bad time, no problem at all.",,draft,,,,,,
36,Baja,LuxeLife Group powered by PLACE,"Millburn / Short Hills, NJ (North NJ (Essex))",Large team según RealTrends (11-20 agentes),Instagram DM,@luxelifegroup,Contact page: https://luxeliferealestategroup.com/connect,other_platform (https://www.luxeliferealestategroup.com/),other_platform: Brivity (PLACE) [https://www.luxeliferealestategroup.com/; homepage check 2026-10-05] | zillow: links to a Zillow profile [https://www.luxeliferealestategroup.com/; homepage check 2026-10-05] | join_leads: join/careers page talks about providing leads to agents [https://luxeliferealestategroup.com/careers-with-us; research CSV] | valuation: home valuation page [https://luxeliferealestategroup.com; research CSV] | realtrends: listed in RealTrends 2026 team rankings [https://www.realtrends.com/team-profile/luxelife-group-powered-by-place-new-jersey-exp-realty/; research CSV],ok 2026-10-05,"Hi [name], I saw your team is powered by PLACE. I run a small software studio and I'm researching how real estate teams handle new inquiries, especially nights, weekends and Instagram/WhatsApp messages. There's no pitch here; I'd just value your advice for 15 minutes. Would [Tue 4pm] or [Thu 11am] work?",,"Hi [name], just bringing this back up in case it got buried. Even 15 minutes of your perspective would help a lot, and if now is a bad time, no problem at all.",,draft,,,,,,
37,Baja,Opulent Living Team,"Hoboken, NJ (North NJ (Hudson))",Large team según RealTrends (11-20 agentes),Instagram DM,@maryanskigroup,Contact page: https://www.opulentlivingteam.com/connect,other_platform (https://www.opulentlivingteam.com/),other_platform: Brivity (PLACE) [https://www.opulentlivingteam.com/; homepage check 2026-10-05] | zillow: Zillow profile linked (per research) [https://www.realtrends.com/team-profile/opulent-living-team-new-jersey-keller-williams/; research CSV] | join_leads: join/careers page talks about providing leads to agents [https://www.opulentlivingteam.com/careers; research CSV] | realtrends: listed in RealTrends 2026 team rankings [https://www.realtrends.com/team-profile/opulent-living-team-new-jersey-keller-williams/; research CSV],ok 2026-10-05,"Hi [name], I saw your team is powered by PLACE. I run a small software studio and I'm researching how real estate teams handle new inquiries, especially nights, weekends and Instagram/WhatsApp messages. There's no pitch here; I'd just value your advice for 15 minutes. Would [Tue 4pm] or [Thu 11am] work?",,"Hi [name], just bringing this back up in case it got buried. Even 15 minutes of your perspective would help a lot, and if now is a bad time, no problem at all.",,draft,,,,,,
38,Baja,Premiere Home Group (Stefanie Prettyman),"Pennington, NJ (Central NJ (Mercer))",Medium team según RealTrends (6-10 agentes),Instagram DM,@stefsells_nj,Contact page: https://www.premierehomegroup.com/connect,other_platform (https://blog.premierehomegroup.com/),other_platform: PLACE / Brivity [https://blog.premierehomegroup.com/; research CSV] | realtrends: listed in RealTrends 2026 team rankings [https://www.realtrends.com/team-profile/premiere-home-group-new-jersey-the-real-brokerage-inc/; research CSV],ok 2026-10-05,"Hi [name], I saw your team is powered by PLACE. I run a small software studio and I'm researching how real estate teams handle new inquiries, especially nights, weekends and Instagram/WhatsApp messages. There's no pitch here; I'd just value your advice for 15 minutes. Would [Tue 4pm] or [Thu 11am] work?",,"Hi [name], just bringing this back up in case it got buried. Even 15 minutes of your perspective would help a lot, and if now is a bad time, no problem at all.",,draft,,,,,,
39,Baja,Radius Realty Group,"Westfield, NJ (Central NJ (Union/Middlesex))",11 agentes (RealTrends); Large team,Contact page,https://www.radiusrealtynj.com/connect,,other_platform (https://www.radiusrealtynj.com/),other_platform: Brivity (PLACE) [https://www.radiusrealtynj.com/; homepage check 2026-10-05] | zillow: Zillow profile linked (per research) [https://www.realtrends.com/team-profile/radius-realty-group-new-jersey-keller-williams/; research CSV] | join_leads: join/careers page talks about providing leads to agents [https://www.radiusrealtynj.com/careers; research CSV] | realtrends: listed in RealTrends 2026 team rankings [https://www.realtrends.com/team-profile/radius-realty-group-new-jersey-keller-williams/; research CSV],ok 2026-10-05,"Hi [name], I saw your team is powered by PLACE. I run a small software studio and I'm researching how real estate teams handle new inquiries, especially nights, weekends and Instagram/WhatsApp messages. There's no pitch here; I'd just value your advice for 15 minutes. Would [Tue 4pm] or [Thu 11am] work?",,"Hi [name], just bringing this back up in case it got buried. Even 15 minutes of your perspective would help a lot, and if now is a bad time, no problem at all.",,draft,,,,,,
40,Baja,Target Team,"Woodcliff Lake, NJ (North NJ (Bergen))",Medium team según RealTrends (6-10 agentes),Instagram DM,@thetargetteam,Contact page: https://www.targetreteam.com/connect,chat_widget (https://www.targetreteam.com/),other_platform: Brivity (PLACE) [https://www.targetreteam.com/; homepage check 2026-10-05] | chat_widget: live chat on the website (per research) [https://www.targetreteam.com/; research CSV] | realtrends: listed in RealTrends 2026 team rankings [https://www.realtrends.com/team-profile/target-team-new-jersey-keller-williams/; research CSV],ok 2026-10-05,"Hi [name], I noticed you offer chat on your website. I run a small software studio and I'm researching how real estate teams handle new inquiries, especially nights, weekends and Instagram/WhatsApp messages. There's no pitch here; I'd just value your advice for 15 minutes. Would [Tue 4pm] or [Thu 11am] work?",,"Hi [name], just bringing this back up in case it got buried. Even 15 minutes of your perspective would help a lot, and if now is a bad time, no problem at all.",,draft,,,,,,
41,Baja,Urban Coast Group,"Hoboken, NJ (North NJ (Hudson))",11 agentes (RealTrends); Large team,Contact page,https://www.urbancoastgroup.com/contact,,other_platform (https://www.urbancoastgroup.com/),other_platform: Brivity (PLACE) [https://www.urbancoastgroup.com/; homepage check 2026-10-05] | realtrends: listed in RealTrends 2026 team rankings [https://www.realtrends.com/team-profile/urban-coast-group-new-jersey-keller-williams/; research CSV],ok 2026-10-05,"Hi [name], I noticed your website runs on Brivity. I run a small software studio and I'm researching how real estate teams handle new inquiries, especially nights, weekends and Instagram/WhatsApp messages. There's no pitch here; I'd just value your advice for 15 minutes. Would [Tue 4pm] or [Thu 11am] work?",,"Hi [name], just bringing this back up in case it got buried. Even 15 minutes of your perspective would help a lot, and if now is a bad time, no problem at all.",,draft,,,,,,
42,Baja,City Block Team (Jeff Block),"Philadelphia, PA (Greater Philadelphia)","Large (11–20 agentes, categoría RealTrends)",Instagram DM,@cityblockteam,Contact page: https://cityblockteam.com/contact-us/,no_spanish (https://cityblockteam.com/),"contact_form_only: contact form on the homepage; no chat, WhatsApp or text option in the page code [https://cityblockteam.com/; homepage check 2026-10-05] | valuation: home valuation page [https://cityblockteam.com/; research CSV] | realtrends: listed in RealTrends 2026 team rankings [https://www.realtrends.com/team-profile/city-block-team-pennsylvania-compass/; research CSV]",ok 2026-10-05,"Hi [name], I noticed your homepage is English-only even though you work in Philadelphia, and I'm curious how Spanish-speaking inquiries get handled. I run a small software studio and I'm researching how real estate teams handle new inquiries, especially nights, weekends and Instagram/WhatsApp messages. There's no pitch here; I'd just value your advice for 15 minutes. Would [Tue 4pm] or [Thu 11am] work?",,"Hi [name], just bringing this back up in case it got buried. Even 15 minutes of your perspective would help a lot, and if now is a bad time, no problem at all.",,draft,,,,,,
43,Baja,Jim Romano and the Suburbs2City Team,"Blue Bell / Lafayette Hill, PA (Greater Philadelphia (Montgomery))",Small; 5 agentes (RealTrends),Instagram DM,@suburbs2cityteam,Contact page: https://suburbs2city.com/contact/,valuation (https://suburbs2city.com/),valuation: home valuation page [https://suburbs2city.com/; research CSV] | realtrends: listed in RealTrends 2026 team rankings [https://www.realtrends.com/team-profile/the-suburbs2city-team-pennsylvania-keller-williams/; research CSV],ok 2026-10-05,"Hi [name], I came across your home valuation page while looking at teams in Blue Bell. I run a small software studio and I'm researching how real estate teams handle new inquiries, especially nights, weekends and Instagram/WhatsApp messages. There's no pitch here; I'd just value your advice for 15 minutes. Would [Tue 4pm] or [Thu 11am] work?",,"Hi [name], just bringing this back up in case it got buried. Even 15 minutes of your perspective would help a lot, and if now is a bad time, no problem at all.",,draft,,,,,,
44,Baja,Lehigh Valley Just Listed,"Northampton, PA (Lehigh Valley)",9 agentes (web),Contact page,https://www.lehighvalleyjustlisted.com/about/,,lead_platform (https://www.lehighvalleyjustlisted.com/),"spanish_content: Spanish text on the homepage (""Casas en venta"") [https://www.lehighvalleyjustlisted.com/; homepage check 2026-10-05] | lead_platform: Real Geeks [https://www.lehighvalleyjustlisted.com/; homepage check 2026-10-05] | valuation: home valuation page [https://www.lehighvalleyjustlisted.com/; research CSV]",ok 2026-10-05,"Hi [name], I noticed your website is built on Real Geeks, so you clearly put real effort into bringing in new inquiries. I run a small software studio and I'm researching how real estate teams handle new inquiries, especially nights, weekends and Instagram/WhatsApp messages. There's no pitch here; I'd just value your advice for 15 minutes. Would [Tue 4pm] or [Thu 11am] work?","Hola [nombre], vi que su web está hecha con Real Geeks, así que se nota que invierten en atraer consultas nuevas. Tengo un pequeño estudio de software y estoy investigando cómo los equipos inmobiliarios manejan las consultas nuevas, sobre todo de noche, los fines de semana y por Instagram o WhatsApp. No le voy a vender nada: solo me serviría mucho su consejo durante 15 minutos. ¿Le queda bien el [mar 4pm] o el [jue 11am]?","Hi [name], just bringing this back up in case it got buried. Even 15 minutes of your perspective would help a lot, and if now is a bad time, no problem at all.","Hola [nombre], le escribo de nuevo por si se le pasó mi mensaje. Aunque sean 15 minutos, su experiencia me ayudaría mucho; y si ahora no es buen momento, no se preocupe.",draft,,,,,,
45,Baja,Solara,"Philadelphia, PA (Greater Philadelphia)",Large; 14 agentes (RealTrends),Contact page,https://solarateam.com/contact,,no_spanish (https://solarateam.com/),"contact_form_only: contact form on the homepage; no chat, WhatsApp or text option in the page code [https://solarateam.com/; homepage check 2026-10-05] | other_platform: Luxury Presence [https://solarateam.com/; homepage check 2026-10-05] | zillow: links to a Zillow profile [https://solarateam.com/; homepage check 2026-10-05] | valuation: home valuation page [https://solarateam.com/; research CSV] | realtrends: listed in RealTrends 2026 team rankings [https://www.realtrends.com/team-profile/solara-pennsylvania-keller-williams/; research CSV]",ok 2026-10-05,"Hi [name], I noticed your homepage is English-only even though you work in Philadelphia, and I'm curious how Spanish-speaking inquiries get handled. I run a small software studio and I'm researching how real estate teams handle new inquiries, especially nights, weekends and Instagram/WhatsApp messages. There's no pitch here; I'd just value your advice for 15 minutes. Would [Tue 4pm] or [Thu 11am] work?",,"Hi [name], just bringing this back up in case it got buried. Even 15 minutes of your perspective would help a lot, and if now is a bad time, no problem at all.",,draft,,,,,,
46,Baja,South Philly Real Estate Team (Vinny Fracassi),"Philadelphia (South Philly), PA (Greater Philadelphia)",n/d,Instagram DM,@southphillyvinny,Contact page: https://www.southphillyrealestateteam.com/contact-us,no_spanish (https://www.southphillyrealestateteam.com/),"sms: ""Call or Text"" on the homepage [https://www.southphillyrealestateteam.com/; homepage check 2026-10-05] | valuation: home valuation page [https://www.southphillyrealestateteam.com/; research CSV]",ok 2026-10-05,"Hi [name], I noticed your homepage is English-only even though you work in Philadelphia, and I'm curious how Spanish-speaking inquiries get handled. I run a small software studio and I'm researching how real estate teams handle new inquiries, especially nights, weekends and Instagram/WhatsApp messages. There's no pitch here; I'd just value your advice for 15 minutes. Would [Tue 4pm] or [Thu 11am] work?",,"Hi [name], just bringing this back up in case it got buried. Even 15 minutes of your perspective would help a lot, and if now is a bad time, no problem at all.",,draft,,,,,,
,Baja,The Forray Team,"Williamsburg, Brooklyn, NY (New York metro (Brooklyn))",8 agentes (RealTrends) - Medium Team,,,,realtrends (https://www.realtrends.com/team-profile/the-forray-team-new-york-corcoran/),realtrends: listed in RealTrends 2026 team rankings [https://www.realtrends.com/team-profile/the-forray-team-new-york-corcoran/; research CSV],no website in CSV 2026-10-05,,,,,no public channel in CSV,,,,,,
,Baja,The Gold Team,"New York (Manhattan), NY (New York metro (Manhattan))",Small Team (RealTrends),,,,realtrends (https://www.realtrends.com/team-profile/the-gold-team-new-york-corcoran/),realtrends: listed in RealTrends 2026 team rankings [https://www.realtrends.com/team-profile/the-gold-team-new-york-corcoran/; research CSV],no website in CSV 2026-10-05,,,,,no public channel in CSV,,,,,,
,Baja,The Hackett Home Team at Compass,"Bronxville, NY (New York metro (Westchester))",Medium Team (RealTrends),,,,realtrends (https://www.realtrends.com/team-profile/the-hackett-home-team-at-compass-new-york-compass/),realtrends: listed in RealTrends 2026 team rankings [https://www.realtrends.com/team-profile/the-hackett-home-team-at-compass-new-york-compass/; research CSV],no website in CSV 2026-10-05,,,,,no public channel in CSV,,,,,,
,Baja,The Schiff Team,"Long Island City, NY (New York metro (Queens))",3 agentes (RealTrends) - Small Team,,,,realtrends (https://www.realtrends.com/team-profile/the-schiff-team-new-york-douglas-elliman/),realtrends: listed in RealTrends 2026 team rankings [https://www.realtrends.com/team-profile/the-schiff-team-new-york-douglas-elliman/; research CSV],no website in CSV 2026-10-05,,,,,no public channel in CSV,,,,,,
,Baja,Totally Westchester Team at Compass,"Scarsdale, NY (New York metro (Westchester))",3 agentes (RealTrends) - Small Team,,,,realtrends (https://www.realtrends.com/team-profile/totally-westchester-team-at-compass-new-york-compass/),realtrends: listed in RealTrends 2026 team rankings [https://www.realtrends.com/team-profile/totally-westchester-team-at-compass-new-york-compass/; research CSV],no website in CSV 2026-10-05,,,,,no public channel in CSV,,,,,,
,Alta,Unify Real Estate Team,"Cranford / Fanwood, NJ (Central NJ (Union/Middlesex))",Enterprise team según RealTrends (51+ agentes),Instagram DM,@stunningnjhomes,Contact page: https://njtoprealestateteam.com/contact-us/,zillow_hiring (https://www.indeed.com/q-Real-Estate-Agent-l-New-Jersey-jobs.html),"contact_form_only: contact form on the homepage; no chat, WhatsApp or text option in the page code [https://njtoprealestateteam.com/; homepage check 2026-10-05] | spanish_content: homepage mentions Spanish (""Spanish"") [https://njtoprealestateteam.com/; homepage check 2026-10-05] | zillow: mentions Zillow [https://njtoprealestateteam.com/; homepage check 2026-10-05] | zillow_hiring: job posts / recruiting for Zillow Flex leads [https://www.indeed.com/q-Real-Estate-Agent-l-New-Jersey-jobs.html; research CSV] | realtrends: listed in RealTrends 2026 team rankings [https://www.realtrends.com/team-profile/unify-real-estate-team-new-jersey-exp-realty/; research CSV]",ok 2026-10-05,,,,,excluded: over ~15 agents,,,,,,
,Alta,Gary Mercer Team,"West Chester (Chester/Delaware/Montgomery), PA (Greater Philadelphia (suburbios))",Mega (RealTrends); 11 agentes según perfil web,Instagram DM,@sharramercer,Contact page: https://garymercer.lpthomesearch.com/contact,zillow_hiring (https://www.indeed.com/cmp/Gary-Mercer-Group),zillow_hiring: job posts / recruiting for Zillow Flex leads [https://www.indeed.com/cmp/Gary-Mercer-Group; research CSV] | valuation: home valuation page [https://garymercer.lpthomesearch.com/; research CSV] | realtrends: listed in RealTrends 2026 team rankings [https://www.realtrends.com/team-profile/gary-mercer-team-pennsylvania-lpt-realty/; research CSV],ok 2026-10-05,,,,,excluded: over ~15 agents,,,,,,
,Alta,Q&U Team (Eli Qarkaxhia Team),"Philadelphia, PA (Greater Philadelphia)","Mega (RealTrends); 3 oficinas (Center City, Main Line, South Jersey)",Contact page,https://qanduteam.com/contact-us,,zillow_hiring (https://www.joinqandu.com/join-page),"chat_widget: chat widget (LeadConnector) in the page code [https://qanduteam.com/; homepage check 2026-10-05] | office_hours: ""Office Hours MON - SUN: ALL DAY Q & U Team, Eli Qarkaxhia Team Center City Office: 1430 Wa"" [https://qanduteam.com/; homepage check 2026-10-05] | zillow_hiring: job posts / recruiting for Zillow Flex leads [https://www.joinqandu.com/join-page; research CSV] | realtrends: listed in RealTrends 2026 team rankings [https://www.realtrends.com/team-profile/eli-qarkaxhia-team-pennsylvania-compass/; research CSV]",ok 2026-10-05,,,,,excluded: over ~15 agents,,,,,,
,Media,Rowack Real Estate Team,"Monroe / North Brunswick, NJ (Central NJ (Middlesex))",Enterprise team (RealTrends 51+); ~70 agentes según directorios,Contact page,https://www.rowackrealestateteam.com/contactus/,,zillow_hiring (https://www.realtrends.com/team-profile/rowack-team-new-jersey-exp-realty/),lead_platform: BoomTown [https://www.rowackrealestateteam.com/; homepage check 2026-10-05] | zillow: mentions Zillow [https://www.rowackrealestateteam.com/; homepage check 2026-10-05] | zillow_hiring: job posts / recruiting for Zillow Flex leads [https://www.realtrends.com/team-profile/rowack-team-new-jersey-exp-realty/; research CSV] | valuation: home valuation page [https://www.rowackrealestateteam.com/; research CSV] | realtrends: listed in RealTrends 2026 team rankings [https://www.realtrends.com/team-profile/rowack-team-new-jersey-exp-realty/; research CSV],ok 2026-10-05,,,,,excluded: over ~15 agents,,,,,,
,Media,The Alliance Team (Vincent Koo Team),"Forest Hills, Queens, NY (New York metro (Queens/Long Island))",n/d (equipo 'Mega Icon' de eXp; estimación: grande),Instagram DM,@allianceallin,Website form: https://www.allianceallin.com/,chat_widget (https://www.allianceallin.com/),other_platform: Brivity (PLACE) [https://www.allianceallin.com/; homepage check 2026-10-05] | chat_widget: live chat on the website (per research) [https://www.allianceallin.com/; research CSV] | zillow: Zillow Premier Agent (per research) [https://www.zillow.com/profile/Vincent%20Koo; research CSV],ok 2026-10-05,,,,,excluded: over ~15 agents,,,,,,
,Media,The Cliff Lewis Experience,"Allentown, PA (Lehigh Valley)",Mega; 55 agentes + 10 de soporte (web),Instagram DM,@clifflewisexperience,Contact page: https://clifflewisrealtor.com/contact,zillow_hiring (https://www.realtrends.com/team-profile/the-cliff-lewis-experience-pennsylvania-coldwell-banker-hearthside/),"contact_form_only: contact form on the homepage; no chat, WhatsApp or text option in the page code [https://clifflewisrealtor.com/; homepage check 2026-10-05] | other_platform: Luxury Presence [https://clifflewisrealtor.com/; homepage check 2026-10-05] | zillow_hiring: job posts / recruiting for Zillow Flex leads [https://www.realtrends.com/team-profile/the-cliff-lewis-experience-pennsylvania-coldwell-banker-hearthside/; research CSV] | valuation: home valuation page [https://clifflewisrealtor.com/; research CSV] | realtrends: listed in RealTrends 2026 team rankings [https://www.realtrends.com/team-profile/the-cliff-lewis-experience-pennsylvania-coldwell-banker-hearthside/; research CSV]",ok 2026-10-05,,,,,excluded: over ~15 agents,,,,,,
,Media,The Mike McCann Team,"Philadelphia, PA (Greater Philadelphia)",Mega; 28 agentes (RealTrends); #1 PA por volumen,Instagram DM,@themccannteam,Contact page: https://mccannteam.com/contact,no_spanish (https://mccannteam.com/),"contact_form_only: contact form on the homepage; no chat, WhatsApp or text option in the page code [https://mccannteam.com/; homepage check 2026-10-05] | other_platform: Luxury Presence [https://mccannteam.com/; homepage check 2026-10-05] | zillow: links to a Zillow profile [https://mccannteam.com/; homepage check 2026-10-05] | valuation: home valuation page [https://www.mccannteam.com/; research CSV] | realtrends: listed in RealTrends 2026 team rankings [https://www.realtrends.com/team-profile/the-mike-mccann-team-pennsylvania-keller-williams/; research CSV]",ok 2026-10-05,,,,,excluded: over ~15 agents,,,,,,
,Media,Tom Toole Sales Group,"West Chester, PA (Greater Philadelphia (suburbios))",Mega; ~70+ agentes (web),Instagram DM,@tomtoolesalesgroup,Contact page: https://www.tomtoole.com/contact/,zillow_hiring (https://www.indeed.com/q-real-estate-l-delaware-county),lead_platform: Sierra Interactive [https://www.tomtoole.com/; homepage check 2026-10-05] | zillow: mentions Zillow [https://www.tomtoole.com/; homepage check 2026-10-05] | zillow_hiring: job posts / recruiting for Zillow Flex leads [https://www.indeed.com/q-real-estate-l-delaware-county; research CSV] | realtrends: listed in RealTrends 2026 team rankings [https://www.realtrends.com/team-profile/tom-toole-sales-group-pennsylvania-remax-main-line/; research CSV] | spanish_content: bilingual per research: Sí (español entre idiomas del equipo) [https://www.tomtoole.com/; research CSV],ok 2026-10-05,,,,,excluded: over ~15 agents,,,,,,
,Baja,Jason Mitchell Group (oficina NY),"Staten Island, NY (New York metro (Staten Island))","Enterprise (nacional, 22 estados)",Website form,https://www.mitchellgroupny.com/,,zillow (https://www.zillow.com/profile/JasonmitchellgroupNY),zillow: Zillow profile linked (per research) [https://www.zillow.com/profile/JasonmitchellgroupNY; research CSV],unreachable (ERR_TLS_CERT_ALTNAME_INVALID) 2026-10-05,,,,,excluded: over ~15 agents,,,,,,
,Baja,The Rarity Real Estate Team (Jim Roche),"Philadelphia / Main Line / South Jersey, PA (Greater Philadelphia)",Enterprise; 50+ agentes (web),Contact page,https://rarityre.com/contact,,no_spanish (https://rarityre.com/),"contact_form_only: contact form on the homepage; no chat, WhatsApp or text option in the page code [https://rarityre.com/; homepage check 2026-10-05] | other_platform: Luxury Presence [https://rarityre.com/; homepage check 2026-10-05] | zillow: links to a Zillow profile [https://rarityre.com/; homepage check 2026-10-05] | valuation: home valuation page [https://rarityre.com/; research CSV] | realtrends: listed in RealTrends 2026 team rankings [https://www.realtrends.com/team-profile/rarity-real-estate-pennsylvania-keller-williams/; research CSV]",ok 2026-10-05,,,,,excluded: over ~15 agents,,,,,,
